Reporting Area,MMWR Year,MMWR Week,"Severe acute respiratory syndrome-associated coronavirus desease, Current week","Severe acute respiratory syndrome-associated coronavirus desease, Current week, flag","Severe acute respiratory syndrome-associated coronavirus desease, Previous 52 weeks Max†","Severe acute respiratory syndrome-associated coronavirus desease, Previous 52 weeks Max†, flag","Severe acute respiratory syndrome-associated coronavirus desease, Cum 2020†","Severe acute respiratory syndrome-associated coronavirus desease, Cum 2020†, flag","Severe acute respiratory syndrome-associated coronavirus desease, Cum 2019†","Severe acute respiratory syndrome-associated coronavirus desease, Cum 2019†, flag","Shiga toxin-producing Escherichia coli(STEC), Current week","Shiga toxin-producing Escherichia coli(STEC), Current week, flag","Shiga toxin-producing Escherichia coli(STEC), Previous 52 weeks Max†","Shiga toxin-producing Escherichia coli(STEC), Previous 52 weeks Max†, flag","Shiga toxin-producing Escherichia coli(STEC), Cum 2020†","Shiga toxin-producing Escherichia coli(STEC), Cum 2020†, flag","Shiga toxin-producing Escherichia coli(STEC), Cum 2019†","Shiga toxin-producing Escherichia coli(STEC), Cum 2019†, flag","Shigellosis, Current week","Shigellosis, Current week, flag","Shigellosis, Previous 52 weeks Max†","Shigellosis, Previous 52 weeks Max†, flag","Shigellosis, Cum 2020†","Shigellosis, Cum 2020†, flag","Shigellosis, Cum 2019†","Shigellosis, Cum 2019†, flag",Location 1,Location 2,Reporting Area Sort,New Georeferenced Column
TOTAL,2020,1,,-,0,,,-,,-,25,,911,,25,,135,,55,,770,,55,,197,,,TOTAL,20200170,
US RESIDENTS,2020,2,,-,0,,,-,,-,31,,540,,82,,320,,75,,458,,154,,501,,,US RESIDENTS,20200201,
US TERRITORIES,2020,1,,-,0,,,-,,-,,-,0,,,-,,-,,-,0,,,-,,-,,US TERRITORIES,20200163,
WEST SOUTH CENTRAL,2020,1,,-,0,,,-,,-,2,,202,,2,,2,,5,,182,,5,,4,,,WEST SOUTH CENTRAL,20200143,
ILLINOIS,2020,1,,-,0,,,-,,-,,-,23,,,-,4,,,-,16,,,-,11,,ILLINOIS,,20200115,POINT (-89.148632 40.124144)
SOUTH DAKOTA,2020,1,,-,0,,,-,,-,,-,20,,,-,,-,,-,2,,,-,,-,SOUTH DAKOTA,,20200127,POINT (-100.230491 44.43614)
KENTUCKY,2020,1,,-,0,,,-,,-,,-,43,,,-,,-,,-,8,,,-,,-,KENTUCKY,,20200140,POINT (-85.290484 37.526683)
NEW JERSEY,2020,1,,-,0,,,-,,-,,-,4,,,-,1,,3,,42,,3,,32,,NEW JERSEY,,20200110,POINT (-74.655514 40.110253)
SOUTH ATLANTIC,2020,1,,-,0,,,-,,-,,-,83,,,-,19,,1,,77,,1,,31,,,SOUTH ATLANTIC,20200128,
NEW MEXICO,2020,1,,-,0,,,-,,-,,-,7,,,-,3,,,-,12,,,-,,-,NEW MEXICO,,20200154,POINT (-106.108388 34.421369)
GEORGIA,2020,1,,-,0,,,-,,-,,-,17,,,-,3,,,-,14,,,-,1,,GEORGIA,,20200132,POINT (-83.426574 32.638481)
DISTRICT OF COLUMBIA,2020,1,,-,0,,,-,,-,,-,1,,,-,1,,,-,4,,,-,2,,DISTRICT OF COLUMBIA,,20200130,POINT (-77.016275 38.904785)
ALABAMA,2020,1,,-,0,,,-,,-,,-,8,,,-,1,,,-,22,,,-,5,,ALABAMA,,20200139,POINT (-86.844516 32.756889)
ARIZONA,2020,1,,-,0,,,-,,-,3,,13,,3,,1,,5,,17,,5,,3,,ARIZONA,,20200149,POINT (-111.664616 34.293239)
WYOMING,2020,1,,-,0,,,-,,-,,-,6,,,-,,-,,-,1,,,-,,-,WYOMING,,20200156,POINT (-107.55145000000002 42.999627)
MARYLAND,2020,1,,-,0,,,-,,-,,-,9,,,-,2,,1,,8,,1,,5,,MARYLAND,,20200133,POINT (-76.68728200000001 38.946466)
WEST VIRGINIA,2020,1,,-,0,,,-,,-,,-,4,,,-,1,,,-,2,,,-,,-,WEST VIRGINIA,,20200137,POINT (-80.613729 38.642579000000005)
US RESIDENTS,2020,1,,-,0,,,-,,-,25,,911,,25,,135,,55,,770,,55,,197,,,US RESIDENTS,20200101,
NEBRASKA,2020,1,,-,0,,,-,,-,1,,12,,1,,3,,1,,6,,1,,1,,NEBRASKA,,20200125,POINT (-99.810595 41.527099)
CALIFORNIA,2020,1,,-,0,,,-,,-,,-,90,,,-,38,,2,,96,,2,,37,,CALIFORNIA,,20200159,POINT (-119.662127 37.211164)
CONNECTICUT,2020,1,,-,0,,,-,,-,,-,9,,,-,1,,,-,7,,,-,2,,CONNECTICUT,,20200103,POINT (-72.738288 41.575155)
PENNSYLVANIA,2020,1,,-,0,,,-,,-,3,,25,,3,,6,,4,,11,,4,,6,,PENNSYLVANIA,,20200113,POINT (-77.838886 40.896694)
KANSAS,2020,1,,-,0,,,-,,-,,-,14,,,-,,-,,-,4,,,-,1,,KANSAS,,20200122,POINT (-98.38018 38.484729)
NEW YORK CITY,2020,1,,-,0,,,-,,-,,-,26,,,-,10,,21,,55,,21,,22,,,NEW YORK CITY,20200112,
OHIO,2020,1,,-,0,,,-,,-,7,,29,,7,,5,,8,,21,,8,,10,,OHIO,,20200118,POINT (-82.70936 40.41553400000001)
MASSACHUSETTS,2020,1,,-,0,,,-,,-,,-,7,,,-,,-,,-,12,,,-,1,,MASSACHUSETTS,,20200105,POINT (-71.481104 42.151077)
NEVADA,2020,1,,-,0,,,-,,-,,-,4,,,-,,-,,-,4,,,-,,-,NEVADA,,20200153,POINT (-114.916992 39.283294)
ALASKA,2020,1,,-,0,,,-,,-,,-,1,,,-,,-,,-,1,,,-,,-,ALASKA,,20200158,POINT (-151.631889 63.631125999999995)
VERMONT,2020,1,,-,0,,,-,,-,,-,5,,,-,,-,,-,1,,,-,,-,VERMONT,,20200108,POINT (-72.662695 44.075252)
NEW HAMPSHIRE,2020,1,,-,0,,,-,,-,,-,3,,,-,,-,,-,2,,,-,,-,NEW HAMPSHIRE,,20200106,POINT (-71.57139000000001 43.680429)
NORTHERN MARIANA ISLANDS,2020,1,,-,0,,,-,,-,,-,0,,,-,,-,,-,0,,,-,,-,NORTHERN MARIANA ISLANDS,,20200165,POINT (145.725693 15.1834)
MINNESOTA,2020,1,,-,0,,,-,,-,,-,8,,,-,,-,,-,3,,,-,,-,MINNESOTA,,20200123,POINT (-94.198308 46.349153)
VIRGINIA,2020,1,,-,0,,,-,,-,,-,17,,,-,,-,,-,13,,,-,,-,VIRGINIA,,20200136,POINT (-78.666382 37.510861)
WEST NORTH CENTRAL,2020,1,,-,0,,,-,,-,3,,81,,3,,15,,1,,15,,1,,5,,,WEST NORTH CENTRAL,20200120,
RHODE ISLAND,2020,1,,-,0,,,-,,-,,-,4,,,-,,-,,-,5,,,-,1,,RHODE ISLAND,,20200107,POINT (-71.534637 41.572574)
NORTH CAROLINA,2020,1,,-,0,,,-,,-,,-,17,,,-,7,,,-,16,,,-,7,,NORTH CAROLINA,,20200134,POINT (-79.130883 35.52603)
MAINE,2020,1,,-,0,,,-,,-,,-,2,,,-,,-,,-,2,,,-,,-,MAINE,,20200104,POINT (-69.06137 45.117911)
MIDDLE ATLANTIC,2020,1,,-,0,,,-,,-,3,,63,,3,,17,,28,,78,,28,,61,,,MIDDLE ATLANTIC,20200109,
TENNESSEE,2020,1,,-,0,,,-,,-,1,,25,,1,,,-,,-,10,,,-,3,,TENNESSEE,,20200142,POINT (-86.343226 35.842998)
TEXAS,2020,1,,-,0,,,-,,-,,-,89,,,-,1,,3,,151,,3,,4,,TEXAS,,20200147,POINT (-99.317341 31.447238)
ARKANSAS,2020,1,,-,0,,,-,,-,1,,12,,1,,1,,,-,14,,,-,,-,ARKANSAS,,20200144,POINT (-92.439162 34.899825)
IDAHO,2020,1,,-,0,,,-,,-,,-,11,,,-,3,,,-,7,,,-,,-,IDAHO,,20200151,POINT (-114.659366 44.389073)
EAST SOUTH CENTRAL,2020,1,,-,0,,,-,,-,1,,69,,1,,1,,,-,31,,,-,9,,,EAST SOUTH CENTRAL,20200138,
UTAH,2020,1,,-,0,,,-,,-,,-,15,,,-,2,,,-,11,,,-,2,,UTAH,,20200155,POINT (-111.678222 39.323779)
MOUNTAIN,2020,1,,-,0,,,-,,-,4,,52,,4,,16,,5,,38,,5,,6,,,MOUNTAIN,20200148,
NEW YORK,2020,1,,-,0,,,-,,-,,-,21,,,-,,-,,-,19,,,-,1,,NEW YORK,,20200111,POINT (-75.59655 42.921241)
LOUISIANA,2020,1,,-,0,,,-,,-,,-,6,,,-,,-,,-,32,,,-,,-,LOUISIANA,,20200145,POINT (-91.840238 30.921313999999995)
WISCONSIN,2020,1,,-,0,,,-,,-,5,,28,,5,,6,,,-,9,,,-,2,,WISCONSIN,,20200119,POINT (-89.732969 44.639954)
MONTANA,2020,1,,-,0,,,-,,-,,-,4,,,-,1,,,-,2,,,-,,-,MONTANA,,20200152,POINT (-109.645127 47.033521)
OREGON,2020,1,,-,0,,,-,,-,,-,16,,,-,3,,,-,8,,,-,2,,OREGON,,20200161,POINT (-120.60527899999998 43.940449)
U.S. VIRGIN ISLANDS,2020,1,,-,0,,,-,,-,,-,0,,,-,,-,,-,0,,,-,,-,VIRGIN ISLANDS,,20200168,POINT (-64.840836 18.060868)
INDIANA,2020,1,,-,0,,,-,,-,,-,3,,,-,,-,,-,3,,,-,,-,INDIANA,,20200116,POINT (-86.2818 39.91999100000001)
NEW ENGLAND,2020,1,,-,0,,,-,,-,,-,16,,,-,1,,,-,19,,,-,4,,,NEW ENGLAND,20200102,
OKLAHOMA,2020,1,,-,0,,,-,,-,1,,109,,1,,,-,2,,16,,2,,,-,OKLAHOMA,,20200146,POINT (-97.508297 35.583449)
IOWA,2020,1,,-,0,,,-,,-,,-,35,,,-,6,,,-,6,,,-,1,,IOWA,,20200121,POINT (-93.500061 42.074659)
PUERTO RICO,2020,1,,-,0,,,-,,-,,-,0,,,-,,-,,-,0,,,-,,-,PUERTO RICO,,20200167,POINT (-66.414655 18.215692)
COLORADO,2020,1,,-,0,,,-,,-,1,,20,,1,,6,,,-,13,,,-,1,,COLORADO,,20200150,POINT (-105.547832 38.998552)
EAST NORTH CENTRAL,2020,1,,-,0,,,-,,-,12,,74,,12,,19,,8,,36,,8,,28,,,EAST NORTH CENTRAL,20200114,
MISSISSIPPI,2020,1,,-,0,,,-,,-,,-,5,,,-,,-,,-,10,,,-,1,,MISSISSIPPI,,20200141,POINT (-89.65344 32.713378)
GUAM,2020,1,,-,0,,,-,,-,,-,0,,,-,,-,,-,0,,,-,,-,GUAM,,20200166,POINT (144.653198 13.353200000000001)
NORTH DAKOTA,2020,1,,-,0,,,-,,-,,-,9,,,-,,-,,-,2,,,-,,-,NORTH DAKOTA,,20200126,POINT (-100.46931 47.446305)
MISSOURI,2020,1,,-,0,,,-,,-,2,,20,,2,,6,,,-,7,,,-,2,,MISSOURI,,20200124,POINT (-92.477244 38.3675)
HAWAII,2020,1,,-,0,,,-,,-,,-,1,,,-,,-,,-,5,,,-,1,,HAWAII,,20200160,POINT (-157.854309 21.361013)
SOUTH CAROLINA,2020,1,,-,0,,,-,,-,,-,7,,,-,2,,,-,15,,,-,1,,SOUTH CAROLINA,,20200135,POINT (-80.864614 33.878572)
MICHIGAN,2020,1,,-,0,,,-,,-,,-,15,,,-,4,,,-,12,,,-,5,,MICHIGAN,,20200117,POINT (-85.730977 44.874798)
DELAWARE,2020,1,,-,0,,,-,,-,,-,4,,,-,,-,,-,2,,,-,,-,DELAWARE,,20200129,POINT (-75.452394 38.994926)
PACIFIC,2020,1,,-,0,,,-,,-,,-,576,,,-,45,,7,,483,,7,,49,,,PACIFIC,20200157,
AMERICAN SAMOA,2020,1,,-,0,,,-,,-,,-,0,,,-,,-,,-,0,,,-,,-,,AMERICAN SAMOA,20200164,
WASHINGTON,2020,1,,-,0,,,-,,-,,-,540,,,-,4,,5,,419,,5,,9,,WASHINGTON,,20200162,POINT (-120.592492 47.411715)
NON-US RESIDENTS,2020,1,,-,0,,,-,,-,,-,1,,,-,,-,,-,1,,,-,,-,,NON-US RESIDENTS,20200169,
FLORIDA,2020,1,,-,0,,,-,,-,,-,33,,,-,3,,,-,48,,,-,15,,FLORIDA,,20200131,POINT (-82.42097800000002 28.260731)
TOTAL,2020,3,,-,0,,,-,,-,28,,509,,156,,453,,76,,426,,265,,711,,,TOTAL,20200370,
U.S. VIRGIN ISLANDS,2020,3,,-,0,,,-,,-,,-,0,,,-,,-,,-,0,,,-,,-,VIRGIN ISLANDS,,20200368,POINT (-64.840836 18.060868)
NON-US RESIDENTS,2020,3,,-,0,,,-,,-,,-,1,,,-,,-,,-,1,,,-,,-,,NON-US RESIDENTS,20200369,
US TERRITORIES,2020,3,,-,0,,,-,,-,,-,0,,,-,,-,,-,0,,,-,,-,,US TERRITORIES,20200363,
US RESIDENTS,2020,4,,-,1,,,-,,-,34,,509,,244,,579,,87,,440,,452,,993,,,US RESIDENTS,20200401,
NEW ENGLAND,2020,2,,-,0,,,-,,-,,-,16,,,-,5,,5,,19,,8,,13,,,NEW ENGLAND,20200202,
CONNECTICUT,2020,2,,-,0,,,-,,-,,-,9,,,-,4,,,-,7,,,-,3,,CONNECTICUT,,20200203,POINT (-72.738288 41.575155)
NEW HAMPSHIRE,2020,2,,-,0,,,-,,-,,-,3,,,-,,-,,-,2,,,-,,-,NEW HAMPSHIRE,,20200206,POINT (-71.57139 43.680429)
NEW HAMPSHIRE,2020,4,,-,0,,,-,,-,,-,3,,,-,1,,,-,2,,,-,1,,NEW HAMPSHIRE,,20200406,POINT (-71.57139 43.680429)
NEW YORK,2020,4,,-,0,,,-,,-,3,,34,,8,,10,,5,,15,,14,,13,,NEW YORK,,20200411,POINT (-75.59655 42.921241)
US RESIDENTS,2020,3,,-,0,,,-,,-,28,,509,,156,,453,,76,,426,,265,,711,,,US RESIDENTS,20200301,
NEW HAMPSHIRE,2020,3,,-,0,,,-,,-,,-,3,,,-,,-,,-,2,,,-,1,,NEW HAMPSHIRE,,20200306,POINT (-71.57139 43.680429)
NEW YORK,2020,3,,-,0,,,-,,-,3,,33,,5,,8,,7,,15,,9,,10,,NEW YORK,,20200311,POINT (-75.59655 42.921241)
PACIFIC,2020,3,,-,0,,,-,,-,4,,118,,39,,136,,6,,105,,68,,217,,,PACIFIC,20200357,
WEST SOUTH CENTRAL,2020,3,,-,0,,,-,,-,1,,90,,4,,24,,40,,249,,67,,57,,,WEST SOUTH CENTRAL,20200343,
NEBRASKA,2020,3,,-,0,,,-,,-,,-,12,,5,,6,,,-,6,,2,,7,,NEBRASKA,,20200325,POINT (-99.810595 41.527099)
EAST SOUTH CENTRAL,2020,3,,-,0,,,-,,-,,-,69,,9,,19,,1,,38,,15,,42,,,EAST SOUTH CENTRAL,20200338,
NORTH DAKOTA,2020,3,,-,0,,,-,,-,,-,9,,,-,,-,,-,2,,,-,,-,NORTH DAKOTA,,20200326,POINT (-100.46931 47.446305)
NEVADA,2020,3,,-,0,,,-,,-,,-,4,,,-,,-,,-,4,,1,,4,,NEVADA,,20200353,POINT (-114.916992 39.283294)
ILLINOIS,2020,3,,-,0,,,-,,-,,-,23,,4,,16,,,-,16,,,-,27,,ILLINOIS,,20200315,POINT (-89.148632 40.124144)
IOWA,2020,3,,-,0,,,-,,-,,-,35,,5,,13,,2,,6,,4,,5,,IOWA,,20200321,POINT (-93.500061 42.074659)
TEXAS,2020,3,,-,0,,,-,,-,1,,78,,1,,22,,23,,246,,41,,33,,TEXAS,,20200347,POINT (-99.317341 31.447238)
ALASKA,2020,3,,-,0,,,-,,-,,-,1,,,-,,-,,-,1,,,-,,-,ALASKA,,20200358,POINT (-151.631889 63.631126)
DISTRICT OF COLUMBIA,2020,3,,-,0,,,-,,-,,-,1,,,-,1,,,-,4,,,-,3,,DISTRICT OF COLUMBIA,,20200330,POINT (-77.016275 38.904785)
WASHINGTON,2020,3,,-,0,,,-,,-,,-,16,,,-,15,,,-,13,,9,,19,,WASHINGTON,,20200362,POINT (-120.592492 47.411715)
NEW ENGLAND,2020,3,,-,0,,,-,,-,1,,16,,6,,12,,2,,19,,11,,20,,,NEW ENGLAND,20200302,
RHODE ISLAND,2020,3,,-,0,,,-,,-,,-,4,,2,,,-,,-,5,,,-,5,,RHODE ISLAND,,20200307,POINT (-71.534637 41.572574)
OREGON,2020,3,,-,0,,,-,,-,1,,16,,11,,9,,,-,8,,2,,9,,OREGON,,20200361,POINT (-120.605279 43.940449)
DELAWARE,2020,3,,-,0,,,-,,-,1,,4,,2,,1,,,-,2,,,-,1,,DELAWARE,,20200329,POINT (-75.452394 38.994926)
ALABAMA,2020,3,,-,0,,,-,,-,,-,8,,,-,5,,,-,28,,5,,12,,ALABAMA,,20200339,POINT (-86.844516 32.756889)
KANSAS,2020,3,,-,0,,,-,,-,,-,14,,,-,4,,,-,4,,,-,3,,KANSAS,,20200322,POINT (-98.38018 38.484729)
NORTH CAROLINA,2020,3,,-,0,,,-,,-,,-,20,,,-,16,,1,,16,,12,,16,,NORTH CAROLINA,,20200334,POINT (-79.130883 35.52603)
GUAM,2020,3,,-,0,,,-,,-,,-,0,,,-,,-,,-,0,,,-,,-,GUAM,,20200366,POINT (144.653198 13.3532)
NEW JERSEY,2020,3,,-,0,,,-,,-,,-,4,,,-,2,,,-,42,,9,,91,,NEW JERSEY,,20200310,POINT (-74.655514 40.110253)
NEW MEXICO,2020,3,,-,0,,,-,,-,,-,7,,,-,7,,,-,12,,3,,1,,NEW MEXICO,,20200354,POINT (-106.108388 34.421369)
EAST NORTH CENTRAL,2020,3,,-,0,,,-,,-,9,,75,,37,,72,,5,,36,,18,,72,,,EAST NORTH CENTRAL,20200314,
TENNESSEE,2020,3,,-,0,,,-,,-,,-,25,,5,,9,,,-,10,,5,,14,,TENNESSEE,,20200342,POINT (-86.343226 35.842998)
CONNECTICUT,2020,3,,-,0,,,-,,-,,-,9,,,-,7,,,-,7,,,-,5,,CONNECTICUT,,20200303,POINT (-72.738288 41.575155)
MARYLAND,2020,3,,-,0,,,-,,-,1,,10,,2,,13,,4,,8,,8,,15,,MARYLAND,,20200333,POINT (-76.687282 38.946466)
MAINE,2020,2,,-,0,,,-,,-,,-,2,,,-,1,,,-,2,,,-,,-,MAINE,,20200204,POINT (-69.06137 45.117911)
MASSACHUSETTS,2020,2,,-,0,,,-,,-,,-,7,,,-,,-,5,,12,,8,,7,,MASSACHUSETTS,,20200205,POINT (-71.481104 42.151077)
RHODE ISLAND,2020,2,,-,0,,,-,,-,,-,4,,,-,,-,,-,5,,,-,3,,RHODE ISLAND,,20200207,POINT (-71.534637 41.572574)
VERMONT,2020,2,,-,0,,,-,,-,,-,5,,,-,,-,,-,1,,,-,,-,VERMONT,,20200208,POINT (-72.662695 44.075252)
MIDDLE ATLANTIC,2020,2,,-,0,,,-,,-,4,,63,,8,,40,,27,,78,,58,,139,,,MIDDLE ATLANTIC,20200209,
NEW JERSEY,2020,2,,-,0,,,-,,-,,-,4,,,-,2,,1,,42,,5,,74,,NEW JERSEY,,20200210,POINT (-74.655514 40.110253)
NEW YORK,2020,2,,-,0,,,-,,-,2,,28,,2,,1,,2,,15,,2,,4,,NEW YORK,,20200211,POINT (-75.59655 42.921241)
NEW YORK CITY,2020,2,,-,0,,,-,,-,,-,26,,1,,24,,23,,55,,44,,49,,,NEW YORK CITY,20200212,
PENNSYLVANIA,2020,2,,-,0,,,-,,-,2,,25,,5,,13,,1,,11,,7,,12,,PENNSYLVANIA,,20200213,POINT (-77.838886 40.896694)
EAST NORTH CENTRAL,2020,2,,-,0,,,-,,-,8,,75,,20,,51,,5,,36,,13,,46,,,EAST NORTH CENTRAL,20200214,
ILLINOIS,2020,2,,-,0,,,-,,-,,-,23,,,-,12,,,-,16,,,-,18,,ILLINOIS,,20200215,POINT (-89.148632 40.124144)
INDIANA,2020,2,,-,0,,,-,,-,,-,0,,,-,,-,,-,0,,,-,,-,INDIANA,,20200216,POINT (-86.2818 39.919991)
MICHIGAN,2020,2,,-,0,,,-,,-,,-,15,,,-,12,,,-,12,,,-,6,,MICHIGAN,,20200217,POINT (-85.730977 44.874798)
OHIO,2020,2,,-,0,,,-,,-,8,,29,,14,,16,,3,,21,,11,,17,,OHIO,,20200218,POINT (-82.70936 40.415534)
MOUNTAIN,2020,2,,-,0,,,-,,-,2,,52,,12,,34,,5,,38,,13,,20,,,MOUNTAIN,20200248,
WISCONSIN,2020,2,,-,0,,,-,,-,,-,31,,6,,11,,2,,9,,2,,5,,WISCONSIN,,20200219,POINT (-89.732969 44.639954)
WEST NORTH CENTRAL,2020,2,,-,0,,,-,,-,7,,81,,14,,24,,3,,15,,4,,10,,,WEST NORTH CENTRAL,20200220,
IOWA,2020,2,,-,0,,,-,,-,,-,35,,3,,9,,1,,6,,1,,2,,IOWA,,20200221,POINT (-93.500061 42.074659)
KANSAS,2020,2,,-,0,,,-,,-,,-,14,,,-,1,,,-,4,,,-,1,,KANSAS,,20200222,POINT (-98.38018 38.484729)
MINNESOTA,2020,2,,-,0,,,-,,-,,-,0,,,-,,-,,-,0,,,-,,-,MINNESOTA,,20200223,POINT (-94.198308 46.349153)
MISSOURI,2020,2,,-,0,,,-,,-,4,,20,,7,,11,,2,,7,,2,,5,,MISSOURI,,20200224,POINT (-92.477244 38.3675)
NEBRASKA,2020,2,,-,0,,,-,,-,3,,12,,4,,3,,,-,6,,1,,2,,NEBRASKA,,20200225,POINT (-99.810595 41.527099)
NORTH DAKOTA,2020,2,,-,0,,,-,,-,,-,9,,,-,,-,,-,2,,,-,,-,NORTH DAKOTA,,20200226,POINT (-100.46931 47.446305)
SOUTH DAKOTA,2020,2,,-,0,,,-,,-,,-,20,,,-,,-,,-,2,,,-,,-,SOUTH DAKOTA,,20200227,POINT (-100.230491 44.43614)
SOUTH ATLANTIC,2020,2,,-,0,,,-,,-,1,,85,,5,,50,,6,,77,,10,,80,,,SOUTH ATLANTIC,20200228,
DELAWARE,2020,2,,-,0,,,-,,-,,-,4,,1,,1,,,-,2,,,-,1,,DELAWARE,,20200229,POINT (-75.452394 38.994926)
DISTRICT OF COLUMBIA,2020,2,,-,0,,,-,,-,,-,1,,,-,1,,,-,4,,,-,2,,DISTRICT OF COLUMBIA,,20200230,POINT (-77.016275 38.904785)
FLORIDA,2020,2,,-,0,,,-,,-,,-,33,,,-,19,,,-,42,,,-,43,,FLORIDA,,20200231,POINT (-82.420978 28.260731)
GEORGIA,2020,2,,-,0,,,-,,-,,-,17,,,-,5,,,-,14,,,-,5,,GEORGIA,,20200232,POINT (-83.426574 32.638481)
MARYLAND,2020,2,,-,0,,,-,,-,1,,10,,1,,5,,4,,8,,5,,9,,MARYLAND,,20200233,POINT (-76.687282 38.946466)
NORTH CAROLINA,2020,2,,-,0,,,-,,-,,-,19,,,-,12,,,-,16,,2,,12,,NORTH CAROLINA,,20200234,POINT (-79.130883 35.52603)
SOUTH CAROLINA,2020,2,,-,0,,,-,,-,,-,7,,3,,4,,2,,15,,3,,5,,SOUTH CAROLINA,,20200235,POINT (-80.864614 33.878572)
VIRGINIA,2020,2,,-,0,,,-,,-,,-,17,,,-,1,,,-,15,,,-,3,,VIRGINIA,,20200236,POINT (-78.666382 37.510861)
WEST VIRGINIA,2020,2,,-,0,,,-,,-,,-,4,,,-,2,,,-,2,,,-,,-,WEST VIRGINIA,,20200237,POINT (-80.613729 38.642579)
EAST SOUTH CENTRAL,2020,2,,-,0,,,-,,-,5,,69,,7,,13,,1,,39,,3,,30,,,EAST SOUTH CENTRAL,20200238,
ALABAMA,2020,2,,-,0,,,-,,-,,-,8,,,-,4,,,-,28,,1,,11,,ALABAMA,,20200239,POINT (-86.844516 32.756889)
KENTUCKY,2020,2,,-,0,,,-,,-,1,,43,,2,,,-,,-,8,,,-,3,,KENTUCKY,,20200240,POINT (-85.290484 37.526683)
MISSISSIPPI,2020,2,,-,0,,,-,,-,,-,5,,,-,3,,1,,10,,1,,6,,MISSISSIPPI,,20200241,POINT (-89.65344 32.713378)
TENNESSEE,2020,2,,-,0,,,-,,-,4,,25,,5,,6,,,-,10,,1,,10,,TENNESSEE,,20200242,POINT (-86.343226 35.842998)
WEST SOUTH CENTRAL,2020,2,,-,0,,,-,,-,1,,90,,3,,9,,14,,182,,20,,29,,,WEST SOUTH CENTRAL,20200243,
ARKANSAS,2020,2,,-,0,,,-,,-,1,,12,,2,,1,,1,,14,,1,,2,,ARKANSAS,,20200244,POINT (-92.439162 34.899825)
LOUISIANA,2020,2,,-,0,,,-,,-,,-,6,,,-,,-,,-,32,,,-,10,,LOUISIANA,,20200245,POINT (-91.840238 30.921314)
OKLAHOMA,2020,2,,-,0,,,-,,-,,-,43,,1,,,-,7,,6,,8,,,-,OKLAHOMA,,20200246,POINT (-97.508297 35.583449)
TEXAS,2020,2,,-,0,,,-,,-,,-,78,,,-,8,,6,,160,,11,,17,,TEXAS,,20200247,POINT (-99.317341 31.447238)
ARIZONA,2020,2,,-,0,,,-,,-,2,,13,,6,,3,,2,,17,,7,,5,,ARIZONA,,20200249,POINT (-111.664616 34.293239)
COLORADO,2020,2,,-,0,,,-,,-,,-,20,,4,,14,,,-,13,,,-,6,,COLORADO,,20200250,POINT (-105.547832 38.998552)
IDAHO,2020,2,,-,0,,,-,,-,,-,11,,1,,5,,,-,7,,,-,1,,IDAHO,,20200251,POINT (-114.659366 44.389073)
MONTANA,2020,2,,-,0,,,-,,-,,-,4,,,-,2,,,-,2,,,-,,-,MONTANA,,20200252,POINT (-109.645127 47.033521)
NEVADA,2020,2,,-,0,,,-,,-,,-,4,,,-,,-,1,,4,,1,,2,,NEVADA,,20200253,POINT (-114.916992 39.283294)
NEW MEXICO,2020,2,,-,0,,,-,,-,,-,7,,,-,4,,,-,12,,2,,1,,NEW MEXICO,,20200254,POINT (-106.108388 34.421369)
UTAH,2020,2,,-,0,,,-,,-,,-,15,,1,,6,,2,,11,,3,,5,,UTAH,,20200255,POINT (-111.678222 39.323779)
WYOMING,2020,2,,-,0,,,-,,-,,-,6,,,-,,-,,-,1,,,-,,-,WYOMING,,20200256,POINT (-107.55145 42.999627)
PACIFIC,2020,2,,-,0,,,-,,-,3,,115,,13,,94,,9,,105,,25,,134,,,PACIFIC,20200257,
ALASKA,2020,2,,-,0,,,-,,-,,-,1,,,-,,-,,-,1,,,-,,-,ALASKA,,20200258,POINT (-151.631889 63.631126)
CALIFORNIA,2020,2,,-,0,,,-,,-,1,,90,,8,,80,,7,,97,,15,,110,,CALIFORNIA,,20200259,POINT (-119.662127 37.211164)
HAWAII,2020,2,,-,0,,,-,,-,,-,1,,,-,,-,1,,5,,2,,2,,HAWAII,,20200260,POINT (-157.854309 21.361013)
OREGON,2020,2,,-,0,,,-,,-,2,,16,,5,,6,,,-,8,,,-,6,,OREGON,,20200261,POINT (-120.605279 43.940449)
WASHINGTON,2020,2,,-,0,,,-,,-,,-,16,,,-,8,,1,,13,,8,,16,,WASHINGTON,,20200262,POINT (-120.592492 47.411715)
US TERRITORIES,2020,2,,-,0,,,-,,-,,-,0,,,-,,-,,-,0,,,-,,-,,US TERRITORIES,20200263,
AMERICAN SAMOA,2020,2,,-,0,,,-,,-,,-,0,,,-,,-,,-,0,,,-,,-,,AMERICAN SAMOA,20200264,
NORTHERN MARIANA ISLANDS,2020,2,,-,0,,,-,,-,,-,0,,,-,,-,,-,0,,,-,,-,NORTHERN MARIANA ISLANDS,,20200265,POINT (145.725693 15.1834)
GUAM,2020,2,,-,0,,,-,,-,,-,0,,,-,,-,,-,0,,,-,,-,GUAM,,20200266,POINT (144.653198 13.3532)
PUERTO RICO,2020,2,,-,0,,,-,,-,,-,0,,,-,,-,,-,0,,,-,,-,PUERTO RICO,,20200267,POINT (-66.414655 18.215692)
U.S. VIRGIN ISLANDS,2020,2,,-,0,,,-,,-,,-,0,,,-,,-,,-,0,,,-,,-,VIRGIN ISLANDS,,20200268,POINT (-64.840836 18.060868)
NON-US RESIDENTS,2020,2,,-,0,,,-,,-,,-,1,,,-,,-,,-,1,,,-,,-,,NON-US RESIDENTS,20200269,
TOTAL,2020,2,,-,0,,,-,,-,31,,540,,82,,320,,75,,458,,154,,501,,,TOTAL,20200270,
SOUTH CAROLINA,2020,3,,-,0,,,-,,-,,-,7,,3,,5,,1,,15,,4,,7,,SOUTH CAROLINA,,20200335,POINT (-80.864614 33.878572)
OKLAHOMA,2020,3,,-,0,,,-,,-,,-,43,,1,,,-,4,,6,,12,,1,,OKLAHOMA,,20200346,POINT (-97.508297 35.583449)
NORTHERN MARIANA ISLANDS,2020,3,,-,0,,,-,,-,,-,0,,,-,,-,,-,0,,,-,,-,NORTHERN MARIANA ISLANDS,,20200365,POINT (145.725693 15.1834)
OHIO,2020,3,,-,0,,,-,,-,9,,29,,22,,21,,4,,21,,15,,28,,OHIO,,20200318,POINT (-82.70936 40.415534)
MINNESOTA,2020,3,,-,0,,,-,,-,,-,0,,,-,,-,,-,0,,,-,,-,MINNESOTA,,20200323,POINT (-94.198308 46.349153)
LOUISIANA,2020,3,,-,0,,,-,,-,,-,6,,,-,,-,12,,32,,12,,19,,LOUISIANA,,20200345,POINT (-91.840238 30.921314)
HAWAII,2020,3,,-,0,,,-,,-,,-,1,,,-,,-,,-,5,,2,,4,,HAWAII,,20200360,POINT (-157.854309 21.361013)
SOUTH ATLANTIC,2020,3,,-,0,,,-,,-,4,,80,,10,,77,,7,,70,,27,,131,,,SOUTH ATLANTIC,20200328,
PENNSYLVANIA,2020,3,,-,0,,,-,,-,4,,25,,11,,16,,3,,11,,15,,17,,PENNSYLVANIA,,20200313,POINT (-77.838886 40.896694)
UTAH,2020,3,,-,0,,,-,,-,,-,15,,2,,7,,,-,11,,3,,5,,UTAH,,20200355,POINT (-111.678222 39.323779)
COLORADO,2020,3,,-,0,,,-,,-,,-,20,,4,,18,,,-,13,,,-,10,,COLORADO,,20200350,POINT (-105.547832 38.998552)
VERMONT,2020,3,,-,0,,,-,,-,,-,5,,1,,1,,,-,1,,,-,,-,VERMONT,,20200308,POINT (-72.662695 44.075252)
KENTUCKY,2020,3,,-,0,,,-,,-,,-,43,,2,,1,,,-,8,,,-,5,,KENTUCKY,,20200340,POINT (-85.290484 37.526683)
PUERTO RICO,2020,3,,-,0,,,-,,-,,-,0,,,-,,-,,-,0,,,-,,-,PUERTO RICO,,20200367,POINT (-66.414655 18.215692)
MAINE,2020,3,,-,0,,,-,,-,1,,2,,1,,1,,,-,2,,,-,,-,MAINE,,20200304,POINT (-69.06137 45.117911)
VIRGINIA,2020,3,,-,0,,,-,,-,2,,17,,3,,4,,1,,16,,3,,4,,VIRGINIA,,20200336,POINT (-78.666382 37.510861)
ARIZONA,2020,3,,-,0,,,-,,-,2,,13,,11,,7,,3,,17,,11,,11,,ARIZONA,,20200349,POINT (-111.664616 34.293239)
AMERICAN SAMOA,2020,3,,-,0,,,-,,-,,-,0,,,-,,-,,-,0,,,-,,-,,AMERICAN SAMOA,20200364,
WISCONSIN,2020,3,,-,0,,,-,,-,,-,30,,11,,18,,1,,9,,3,,7,,WISCONSIN,,20200319,POINT (-89.732969 44.639954)
IDAHO,2020,3,,-,0,,,-,,-,,-,11,,1,,6,,,-,7,,,-,1,,IDAHO,,20200351,POINT (-114.659366 44.389073)
MICHIGAN,2020,3,,-,0,,,-,,-,,-,15,,,-,17,,,-,12,,,-,10,,MICHIGAN,,20200317,POINT (-85.730977 44.874798)
GEORGIA,2020,3,,-,0,,,-,,-,,-,0,,,-,,-,,-,0,,,-,,-,GEORGIA,,20200332,POINT (-83.426574 32.638481)
NEW YORK CITY,2020,3,,-,0,,,-,,-,,-,0,,,-,,-,,-,0,,,-,,-,,NEW YORK CITY,20200312,
ARKANSAS,2020,3,,-,0,,,-,,-,,-,12,,2,,2,,1,,14,,2,,4,,ARKANSAS,,20200344,POINT (-92.439162 34.899825)
MISSISSIPPI,2020,3,,-,0,,,-,,-,,-,5,,2,,4,,1,,10,,5,,11,,MISSISSIPPI,,20200341,POINT (-89.65344 32.713378)
SOUTH DAKOTA,2020,3,,-,0,,,-,,-,,-,20,,,-,1,,,-,2,,,-,,-,SOUTH DAKOTA,,20200327,POINT (-100.230491 44.43614)
WYOMING,2020,3,,-,0,,,-,,-,,-,6,,,-,,-,,-,1,,,-,,-,WYOMING,,20200356,POINT (-107.55145 42.999627)
MISSOURI,2020,3,,-,0,,,-,,-,,-,20,,7,,13,,,-,7,,2,,7,,MISSOURI,,20200324,POINT (-92.477244 38.3675)
MIDDLE ATLANTIC,2020,3,,-,0,,,-,,-,7,,47,,16,,26,,10,,51,,33,,118,,,MIDDLE ATLANTIC,20200309,
CALIFORNIA,2020,3,,-,0,,,-,,-,3,,93,,28,,112,,6,,98,,55,,185,,CALIFORNIA,,20200359,POINT (-119.662127 37.211164)
WEST VIRGINIA,2020,3,,-,0,,,-,,-,,-,4,,,-,3,,,-,2,,,-,,-,WEST VIRGINIA,,20200337,POINT (-80.613729 38.642579)
FLORIDA,2020,3,,-,0,,,-,,-,,-,33,,,-,34,,,-,42,,,-,85,,FLORIDA,,20200331,POINT (-82.420978 28.260731)
MONTANA,2020,3,,-,0,,,-,,-,,-,4,,,-,5,,,-,2,,,-,,-,MONTANA,,20200352,POINT (-109.645127 47.033521)
WEST NORTH CENTRAL,2020,3,,-,0,,,-,,-,,-,81,,17,,37,,2,,15,,8,,22,,,WEST NORTH CENTRAL,20200320,
MASSACHUSETTS,2020,3,,-,0,,,-,,-,,-,7,,2,,3,,2,,12,,11,,9,,MASSACHUSETTS,,20200305,POINT (-71.481104 42.151077)
MOUNTAIN,2020,3,,-,0,,,-,,-,2,,52,,18,,50,,3,,38,,18,,32,,,MOUNTAIN,20200348,
INDIANA,2020,3,,-,0,,,-,,-,,-,0,,,-,,-,,-,0,,,-,,-,INDIANA,,20200316,POINT (-86.2818 39.919991)
AMERICAN SAMOA,2020,6,,-,0,,,-,,-,,-,0,,,-,,-,,-,0,,,-,,-,,AMERICAN SAMOA,20200664,
TOTAL,2020,4,,-,1,,,-,,-,34,,509,,244,,579,,87,,440,,452,,993,,,TOTAL,20200470,
PACIFIC,2020,4,,-,1,,,-,,-,4,,118,,49,,170,,12,,105,,107,,282,,,PACIFIC,20200457,
WEST SOUTH CENTRAL,2020,4,,-,0,,,-,,-,4,,90,,11,,30,,39,,271,,111,,137,,,WEST SOUTH CENTRAL,20200443,
NEBRASKA,2020,4,,-,0,,,-,,-,,-,12,,5,,8,,1,,6,,4,,7,,NEBRASKA,,20200425,POINT (-99.810595 41.527099)
EAST SOUTH CENTRAL,2020,4,,-,0,,,-,,-,,-,69,,12,,25,,2,,43,,55,,61,,,EAST SOUTH CENTRAL,20200438,
NORTH DAKOTA,2020,4,,-,0,,,-,,-,,-,9,,,-,,-,,-,2,,,-,2,,NORTH DAKOTA,,20200426,POINT (-100.46931 47.446305)
NEVADA,2020,4,,-,0,,,-,,-,,-,4,,,-,1,,3,,4,,5,,4,,NEVADA,,20200453,POINT (-114.916992 39.283294)
ILLINOIS,2020,4,,-,0,,,-,,-,,-,23,,10,,23,,,-,16,,2,,35,,ILLINOIS,,20200415,POINT (-89.148632 40.124144)
IOWA,2020,4,,-,0,,,-,,-,1,,35,,11,,18,,1,,6,,7,,5,,IOWA,,20200421,POINT (-93.500061 42.074659)
TEXAS,2020,4,,-,0,,,-,,-,,-,78,,4,,27,,30,,268,,76,,108,,TEXAS,,20200447,POINT (-99.317341 31.447238)
ALASKA,2020,4,,-,0,,,-,,-,,-,1,,,-,,-,,-,1,,,-,,-,ALASKA,,20200458,POINT (-151.631889 63.631126)
DISTRICT OF COLUMBIA,2020,4,,-,0,,,-,,-,,-,1,,,-,1,,,-,4,,,-,6,,DISTRICT OF COLUMBIA,,20200430,POINT (-77.016275 38.904785)
WASHINGTON,2020,4,,-,0,,,-,,-,,-,16,,,-,20,,1,,13,,12,,22,,WASHINGTON,,20200462,POINT (-120.592492 47.411715)
NEW ENGLAND,2020,4,,-,0,,,-,,-,,-,16,,10,,21,,2,,19,,16,,33,,,NEW ENGLAND,20200402,
RHODE ISLAND,2020,4,,-,0,,,-,,-,,-,4,,2,,3,,,-,5,,,-,6,,RHODE ISLAND,,20200407,POINT (-71.534637 41.572574)
OREGON,2020,4,,-,1,,,-,,-,1,,16,,13,,12,,3,,8,,5,,13,,OREGON,,20200461,POINT (-120.605279 43.940449)
DELAWARE,2020,4,,-,0,,,-,,-,,-,4,,2,,1,,,-,2,,,-,2,,DELAWARE,,20200429,POINT (-75.452394 38.994926)
ALABAMA,2020,4,,-,0,,,-,,-,,-,8,,1,,7,,1,,35,,40,,18,,ALABAMA,,20200439,POINT (-86.844516 32.756889)
KANSAS,2020,4,,-,0,,,-,,-,,-,14,,,-,4,,,-,4,,,-,4,,KANSAS,,20200422,POINT (-98.38018 38.484729)
NORTH CAROLINA,2020,4,,-,0,,,-,,-,,-,20,,2,,19,,,-,16,,18,,17,,NORTH CAROLINA,,20200434,POINT (-79.130883 35.52603)
GUAM,2020,4,,-,0,,,-,,-,,-,0,,,-,,-,,-,0,,,-,,-,GUAM,,20200466,POINT (144.653198 13.3532)
NEW JERSEY,2020,4,,-,0,,,-,,-,,-,4,,,-,6,,1,,18,,12,,100,,NEW JERSEY,,20200410,POINT (-74.655514 40.110253)
NEW MEXICO,2020,4,,-,0,,,-,,-,,-,7,,,-,7,,,-,12,,4,,1,,NEW MEXICO,,20200454,POINT (-106.108388 34.421369)
EAST NORTH CENTRAL,2020,4,,-,0,,,-,,-,6,,75,,52,,88,,9,,36,,29,,90,,,EAST NORTH CENTRAL,20200414,
TENNESSEE,2020,4,,-,0,,,-,,-,,-,25,,7,,13,,,-,10,,8,,16,,TENNESSEE,,20200442,POINT (-86.343226 35.842998)
CONNECTICUT,2020,4,,-,0,,,-,,-,,-,9,,,-,8,,,-,7,,,-,8,,CONNECTICUT,,20200403,POINT (-72.738288 41.575155)
MARYLAND,2020,4,,-,0,,,-,,-,2,,10,,5,,14,,3,,8,,13,,19,,MARYLAND,,20200433,POINT (-76.687282 38.946466)
SOUTH CAROLINA,2020,4,,-,0,,,-,,-,1,,7,,4,,5,,1,,15,,5,,9,,SOUTH CAROLINA,,20200435,POINT (-80.864614 33.878572)
OKLAHOMA,2020,4,,-,0,,,-,,-,4,,43,,5,,,-,7,,7,,19,,4,,OKLAHOMA,,20200446,POINT (-97.508297 35.583449)
NORTHERN MARIANA ISLANDS,2020,4,,-,0,,,-,,-,,-,0,,,-,,-,,-,0,,,-,,-,NORTHERN MARIANA ISLANDS,,20200465,POINT (145.725693 15.1834)
OHIO,2020,4,,-,0,,,-,,-,6,,29,,28,,23,,8,,21,,23,,33,,OHIO,,20200418,POINT (-82.70936 40.415534)
MINNESOTA,2020,4,,-,0,,,-,,-,,-,0,,,-,,-,,-,0,,,-,,-,MINNESOTA,,20200423,POINT (-94.198308 46.349153)
LOUISIANA,2020,4,,-,0,,,-,,-,,-,6,,,-,1,,1,,32,,13,,20,,LOUISIANA,,20200445,POINT (-91.840238 30.921314)
HAWAII,2020,4,,-,0,,,-,,-,,-,1,,,-,,-,,-,5,,3,,4,,HAWAII,,20200460,POINT (-157.854309 21.361013)
SOUTH ATLANTIC,2020,4,,-,0,,,-,,-,9,,80,,24,,95,,5,,70,,40,,177,,,SOUTH ATLANTIC,20200428,
PENNSYLVANIA,2020,4,,-,0,,,-,,-,1,,26,,13,,21,,3,,11,,19,,27,,PENNSYLVANIA,,20200413,POINT (-77.838886 40.896694)
UTAH,2020,4,,-,0,,,-,,-,,-,15,,5,,9,,,-,11,,3,,6,,UTAH,,20200455,POINT (-111.678222 39.323779)
COLORADO,2020,4,,-,0,,,-,,-,2,,20,,17,,23,,3,,13,,10,,16,,COLORADO,,20200450,POINT (-105.547832 38.998552)
VERMONT,2020,4,,-,0,,,-,,-,,-,5,,2,,1,,,-,1,,,-,1,,VERMONT,,20200408,POINT (-72.662695 44.075252)
KENTUCKY,2020,4,,-,0,,,-,,-,,-,43,,2,,1,,,-,8,,,-,6,,KENTUCKY,,20200440,POINT (-85.290484 37.526683)
PUERTO RICO,2020,4,,-,0,,,-,,-,,-,0,,,-,,-,,-,0,,,-,,-,PUERTO RICO,,20200467,POINT (-66.414655 18.215692)
MAINE,2020,4,,-,0,,,-,,-,,-,2,,1,,2,,,-,2,,,-,,-,MAINE,,20200404,POINT (-69.06137 45.117911)
VIRGINIA,2020,4,,-,0,,,-,,-,6,,17,,11,,7,,1,,20,,4,,5,,VIRGINIA,,20200436,POINT (-78.666382 37.510861)
ARIZONA,2020,4,,-,0,,,-,,-,4,,13,,19,,13,,1,,17,,14,,17,,ARIZONA,,20200449,POINT (-111.664616 34.293239)
AMERICAN SAMOA,2020,4,,-,0,,,-,,-,,-,0,,,-,,-,,-,0,,,-,,-,,AMERICAN SAMOA,20200464,
WISCONSIN,2020,4,,-,0,,,-,,-,,-,31,,14,,22,,1,,9,,4,,11,,WISCONSIN,,20200419,POINT (-89.732969 44.639954)
IDAHO,2020,4,,-,0,,,-,,-,,-,11,,1,,7,,,-,7,,,-,1,,IDAHO,,20200451,POINT (-114.659366 44.389073)
U.S. VIRGIN ISLANDS,2020,4,,-,0,,,-,,-,,-,0,,,-,,-,,-,0,,,-,,-,VIRGIN ISLANDS,,20200468,POINT (-64.840836 18.060868)
MICHIGAN,2020,4,,-,0,,,-,,-,,-,15,,,-,20,,,-,12,,,-,11,,MICHIGAN,,20200417,POINT (-85.730977 44.874798)
GEORGIA,2020,4,,-,0,,,-,,-,,-,0,,,-,,-,,-,0,,,-,,-,GEORGIA,,20200432,POINT (-83.426574 32.638481)
NEW YORK CITY,2020,4,,-,0,,,-,,-,,-,0,,,-,,-,,-,0,,,-,,-,,NEW YORK CITY,20200412,
ARKANSAS,2020,4,,-,0,,,-,,-,,-,12,,2,,2,,1,,14,,3,,5,,ARKANSAS,,20200444,POINT (-92.439162 34.899825)
MISSISSIPPI,2020,4,,-,0,,,-,,-,,-,5,,2,,4,,1,,10,,7,,21,,MISSISSIPPI,,20200441,POINT (-89.65344 32.713378)
SOUTH DAKOTA,2020,4,,-,0,,,-,,-,,-,20,,,-,2,,,-,2,,,-,1,,SOUTH DAKOTA,,20200427,POINT (-100.230491 44.43614)
WYOMING,2020,4,,-,0,,,-,,-,,-,6,,,-,,-,,-,1,,,-,,-,WYOMING,,20200456,POINT (-107.55145 42.999627)
MISSOURI,2020,4,,-,0,,,-,,-,,-,20,,7,,14,,,-,7,,2,,9,,MISSOURI,,20200424,POINT (-92.477244 38.3675)
MIDDLE ATLANTIC,2020,4,,-,0,,,-,,-,4,,48,,21,,37,,9,,34,,45,,140,,,MIDDLE ATLANTIC,20200409,
CALIFORNIA,2020,4,,-,0,,,-,,-,3,,93,,36,,138,,8,,98,,87,,243,,CALIFORNIA,,20200459,POINT (-119.662127 37.211164)
WEST VIRGINIA,2020,4,,-,0,,,-,,-,,-,4,,,-,3,,,-,2,,,-,1,,WEST VIRGINIA,,20200437,POINT (-80.613729 38.642579)
FLORIDA,2020,4,,-,0,,,-,,-,,-,33,,,-,45,,,-,42,,,-,118,,FLORIDA,,20200431,POINT (-82.420978 28.260731)
MONTANA,2020,4,,-,0,,,-,,-,,-,4,,,-,7,,,-,2,,,-,,-,MONTANA,,20200452,POINT (-109.645127 47.033521)
WEST NORTH CENTRAL,2020,4,,-,0,,,-,,-,1,,81,,23,,46,,2,,15,,13,,28,,,WEST NORTH CENTRAL,20200420,
MASSACHUSETTS,2020,4,,-,0,,,-,,-,,-,7,,5,,6,,2,,12,,16,,17,,MASSACHUSETTS,,20200405,POINT (-71.481104 42.151077)
MOUNTAIN,2020,4,,-,0,,,-,,-,6,,52,,42,,67,,7,,38,,36,,45,,,MOUNTAIN,20200448,
INDIANA,2020,4,,-,0,,,-,,-,,-,0,,,-,,-,,-,0,,,-,,-,INDIANA,,20200416,POINT (-86.2818 39.919991)
NON-US RESIDENTS,2020,4,,-,0,,,-,,-,,-,1,,,-,,-,,-,1,,,-,,-,,NON-US RESIDENTS,20200469,
US TERRITORIES,2020,4,,-,0,,,-,,-,,-,0,,,-,,-,,-,0,,,-,,-,,US TERRITORIES,20200463,
TOTAL,2020,5,,-,0,,,-,,-,30,,541,,352,,798,,122,,494,,771,,1423,,,TOTAL,20200570,
US RESIDENTS,2020,5,,-,0,,,-,,-,30,,541,,352,,797,,122,,494,,771,,1423,,,US RESIDENTS,20200501,
NEW HAMPSHIRE,2020,5,,-,0,,,-,,-,,-,3,,,-,3,,,-,2,,,-,2,,NEW HAMPSHIRE,,20200506,POINT (-71.57139 43.680429)
NEW YORK,2020,5,,-,0,,,-,,-,7,,36,,15,,13,,6,,15,,20,,17,,NEW YORK,,20200511,POINT (-75.59655 42.921241)
PACIFIC,2020,5,,-,0,,,-,,-,3,,118,,67,,224,,11,,105,,163,,358,,,PACIFIC,20200557,
WEST SOUTH CENTRAL,2020,5,,-,0,,,-,,-,2,,90,,15,,53,,51,,307,,178,,216,,,WEST SOUTH CENTRAL,20200543,
NEBRASKA,2020,5,,-,0,,,-,,-,3,,12,,10,,9,,,-,6,,4,,7,,NEBRASKA,,20200525,POINT (-99.810595 41.527099)
EAST SOUTH CENTRAL,2020,5,,-,0,,,-,,-,2,,69,,22,,32,,,-,43,,61,,71,,,EAST SOUTH CENTRAL,20200538,
NORTH DAKOTA,2020,5,,-,0,,,-,,-,,-,9,,,-,,-,,-,5,,5,,3,,NORTH DAKOTA,,20200526,POINT (-100.46931 47.446305)
NEVADA,2020,5,,-,0,,,-,,-,,-,4,,,-,1,,,-,4,,5,,4,,NEVADA,,20200553,POINT (-114.916992 39.283294)
ILLINOIS,2020,5,,-,0,,,-,,-,,-,23,,11,,26,,,-,16,,15,,39,,ILLINOIS,,20200515,POINT (-89.148632 40.124144)
IOWA,2020,5,,-,0,,,-,,-,,-,35,,13,,18,,1,,6,,10,,5,,IOWA,,20200521,POINT (-93.500061 42.074659)
TEXAS,2020,5,,-,0,,,-,,-,,-,78,,6,,43,,42,,304,,135,,179,,TEXAS,,20200547,POINT (-99.317341 31.447238)
ALASKA,2020,5,,-,0,,,-,,-,,-,1,,,-,,-,,-,1,,,-,,-,ALASKA,,20200558,POINT (-151.631889 63.631126)
DISTRICT OF COLUMBIA,2020,5,,-,0,,,-,,-,,-,1,,,-,2,,,-,4,,,-,7,,DISTRICT OF COLUMBIA,,20200530,POINT (-77.016275 38.904785)
WASHINGTON,2020,5,,-,0,,,-,,-,,-,16,,,-,27,,1,,13,,17,,29,,WASHINGTON,,20200562,POINT (-120.592492 47.411715)
NEW ENGLAND,2020,5,,-,0,,,-,,-,,-,16,,11,,28,,4,,19,,22,,41,,,NEW ENGLAND,20200502,
RHODE ISLAND,2020,5,,-,0,,,-,,-,,-,4,,2,,3,,,-,5,,,-,9,,RHODE ISLAND,,20200507,POINT (-71.534637 41.572574)
OREGON,2020,5,,-,0,,,-,,-,,-,16,,13,,20,,2,,8,,10,,20,,OREGON,,20200561,POINT (-120.605279 43.940449)
DELAWARE,2020,5,,-,0,,,-,,-,,-,4,,2,,1,,,-,2,,1,,2,,DELAWARE,,20200529,POINT (-75.452394 38.994926)
ALABAMA,2020,5,,-,0,,,-,,-,,-,8,,1,,10,,,-,35,,45,,21,,ALABAMA,,20200539,POINT (-86.844516 32.756889)
KANSAS,2020,5,,-,0,,,-,,-,,-,14,,,-,4,,,-,4,,,-,8,,KANSAS,,20200522,POINT (-98.38018 38.484729)
NORTH CAROLINA,2020,5,,-,0,,,-,,-,,-,20,,2,,21,,,-,16,,23,,24,,NORTH CAROLINA,,20200534,POINT (-79.130883 35.52603)
GUAM,2020,5,,-,0,,,-,,-,,-,0,,,-,,-,,-,0,,,-,,-,GUAM,,20200566,POINT (144.653198 13.3532)
NEW JERSEY,2020,5,,-,0,,,-,,-,,-,4,,,-,6,,1,,18,,17,,114,,NEW JERSEY,,20200510,POINT (-74.655514 40.110253)
NEW MEXICO,2020,5,,-,0,,,-,,-,,-,7,,3,,9,,,-,12,,4,,1,,NEW MEXICO,,20200554,POINT (-106.108388 34.421369)
EAST NORTH CENTRAL,2020,5,,-,0,,,-,,-,6,,75,,64,,105,,6,,36,,57,,119,,,EAST NORTH CENTRAL,20200514,
TENNESSEE,2020,5,,-,0,,,-,,-,2,,25,,14,,16,,,-,10,,8,,19,,TENNESSEE,,20200542,POINT (-86.343226 35.842998)
CONNECTICUT,2020,5,,-,0,,,-,,-,,-,9,,,-,13,,,-,7,,,-,10,,CONNECTICUT,,20200503,POINT (-72.738288 41.575155)
MARYLAND,2020,5,,-,0,,,-,,-,1,,10,,7,,20,,4,,8,,18,,25,,MARYLAND,,20200533,POINT (-76.687282 38.946466)
SOUTH CAROLINA,2020,5,,-,0,,,-,,-,,-,7,,5,,5,,2,,15,,7,,12,,SOUTH CAROLINA,,20200535,POINT (-80.864614 33.878572)
OKLAHOMA,2020,5,,-,0,,,-,,-,1,,43,,6,,5,,7,,7,,26,,6,,OKLAHOMA,,20200546,POINT (-97.508297 35.583449)
NORTHERN MARIANA ISLANDS,2020,5,,-,0,,,-,,-,,-,0,,,-,,-,,-,0,,,-,,-,NORTHERN MARIANA ISLANDS,,20200565,POINT (145.725693 15.1834)
OHIO,2020,5,,-,0,,,-,,-,5,,29,,33,,29,,5,,21,,28,,49,,OHIO,,20200518,POINT (-82.70936 40.415534)
MINNESOTA,2020,5,,-,0,,,-,,-,,-,0,,,-,,-,,-,0,,,-,,-,MINNESOTA,,20200523,POINT (-94.198308 46.349153)
LOUISIANA,2020,5,,-,0,,,-,,-,,-,6,,,-,2,,,-,32,,13,,25,,LOUISIANA,,20200545,POINT (-91.840238 30.921314)
HAWAII,2020,5,,-,0,,,-,,-,,-,1,,,-,,-,,-,5,,3,,9,,HAWAII,,20200560,POINT (-157.854309 21.361013)
SOUTH ATLANTIC,2020,5,,-,0,,,-,,-,3,,86,,29,,125,,9,,77,,56,,249,,,SOUTH ATLANTIC,20200528,
PENNSYLVANIA,2020,5,,-,0,,,-,,-,1,,26,,20,,25,,2,,11,,23,,33,,PENNSYLVANIA,,20200513,POINT (-77.838886 40.896694)
UTAH,2020,5,,-,0,,,-,,-,,-,15,,6,,11,,1,,11,,5,,8,,UTAH,,20200555,POINT (-111.678222 39.323779)
COLORADO,2020,5,,-,0,,,-,,-,,-,20,,17,,26,,,-,13,,10,,19,,COLORADO,,20200550,POINT (-105.547832 38.998552)
VERMONT,2020,5,,-,0,,,-,,-,,-,5,,2,,1,,,-,1,,,-,2,,VERMONT,,20200508,POINT (-72.662695 44.075252)
KENTUCKY,2020,5,,-,0,,,-,,-,,-,43,,2,,2,,,-,8,,1,,6,,KENTUCKY,,20200540,POINT (-85.290484 37.526683)
PUERTO RICO,2020,5,,-,0,,,-,,-,,-,0,,,-,,-,,-,0,,,-,,-,PUERTO RICO,,20200567,POINT (-66.414655 18.215692)
MAINE,2020,5,,-,0,,,-,,-,,-,2,,1,,2,,2,,2,,2,,,-,MAINE,,20200504,POINT (-69.06137 45.117911)
VIRGINIA,2020,5,,-,0,,,-,,-,2,,17,,13,,9,,3,,20,,7,,15,,VIRGINIA,,20200536,POINT (-78.666382 37.510861)
ARIZONA,2020,5,,-,0,,,-,,-,2,,13,,23,,15,,6,,17,,20,,24,,ARIZONA,,20200549,POINT (-111.664616 34.293239)
AMERICAN SAMOA,2020,5,,-,0,,,-,,-,,-,0,,,-,,-,,-,0,,,-,,-,,AMERICAN SAMOA,20200564,
WISCONSIN,2020,5,,-,0,,,-,,-,1,,31,,18,,25,,1,,9,,7,,15,,WISCONSIN,,20200519,POINT (-89.732969 44.639954)
IDAHO,2020,5,,-,0,,,-,,-,,-,11,,1,,8,,,-,7,,,-,1,,IDAHO,,20200551,POINT (-114.659366 44.389073)
U.S. VIRGIN ISLANDS,2020,5,,-,0,,,-,,-,,-,0,,,-,,-,,-,0,,,-,,-,VIRGIN ISLANDS,,20200568,POINT (-64.840836 18.060868)
MICHIGAN,2020,5,,-,0,,,-,,-,,-,15,,2,,25,,,-,12,,7,,16,,MICHIGAN,,20200517,POINT (-85.730977 44.874798)
GEORGIA,2020,5,,-,0,,,-,,-,,-,17,,,-,7,,,-,14,,,-,23,,GEORGIA,,20200532,POINT (-83.426574 32.638481)
NEW YORK CITY,2020,5,,-,0,,,-,,-,1,,26,,28,,55,,24,,55,,109,,113,,,NEW YORK CITY,20200512,
ARKANSAS,2020,5,,-,0,,,-,,-,1,,12,,3,,3,,2,,14,,4,,6,,ARKANSAS,,20200544,POINT (-92.439162 34.899825)
MISSISSIPPI,2020,5,,-,0,,,-,,-,,-,5,,5,,4,,,-,10,,7,,25,,MISSISSIPPI,,20200541,POINT (-89.65344 32.713378)
SOUTH DAKOTA,2020,5,,-,0,,,-,,-,,-,20,,1,,4,,,-,2,,,-,1,,SOUTH DAKOTA,,20200527,POINT (-100.230491 44.43614)
WYOMING,2020,5,,-,0,,,-,,-,,-,6,,,-,,-,,-,1,,,-,,-,WYOMING,,20200556,POINT (-107.55145 42.999627)
MISSOURI,2020,5,,-,0,,,-,,-,,-,20,,7,,19,,,-,7,,2,,11,,MISSOURI,,20200524,POINT (-92.477244 38.3675)
MIDDLE ATLANTIC,2020,5,,-,0,,,-,,-,9,,64,,63,,99,,33,,76,,169,,277,,,MIDDLE ATLANTIC,20200509,
CALIFORNIA,2020,5,,-,0,,,-,,-,3,,95,,54,,177,,8,,100,,133,,300,,CALIFORNIA,,20200559,POINT (-119.662127 37.211164)
WEST VIRGINIA,2020,5,,-,0,,,-,,-,,-,4,,,-,3,,,-,2,,,-,1,,WEST VIRGINIA,,20200537,POINT (-80.613729 38.642579)
FLORIDA,2020,5,,-,0,,,-,,-,,-,33,,,-,57,,,-,42,,,-,140,,FLORIDA,,20200531,POINT (-82.420978 28.260731)
MONTANA,2020,5,,-,0,,,-,,-,,-,4,,,-,7,,,-,2,,,-,,-,MONTANA,,20200552,POINT (-109.645127 47.033521)
WEST NORTH CENTRAL,2020,5,,-,0,,,-,,-,3,,81,,31,,54,,1,,15,,21,,35,,,WEST NORTH CENTRAL,20200520,
MASSACHUSETTS,2020,5,,-,0,,,-,,-,,-,7,,6,,6,,2,,12,,20,,18,,MASSACHUSETTS,,20200505,POINT (-71.481104 42.151077)
MOUNTAIN,2020,5,,-,0,,,-,,-,2,,52,,50,,77,,7,,38,,44,,57,,,MOUNTAIN,20200548,
INDIANA,2020,5,,-,0,,,-,,-,,-,0,,,-,,-,,-,0,,,-,,-,INDIANA,,20200516,POINT (-86.2818 39.919991)
NON-US RESIDENTS,2020,5,,-,0,,,-,,-,,-,1,,,-,1,,,-,1,,,-,,-,,NON-US RESIDENTS,20200569,
US TERRITORIES,2020,5,,-,0,,,-,,-,,-,0,,,-,,-,,-,0,,,-,,-,,US TERRITORIES,20200563,
TOTAL,2020,6,,-,0,,,-,,-,59,,541,,489,,935,,94,,517,,986,,1679,,,TOTAL,20200670,
US RESIDENTS,2020,6,,-,0,,,-,,-,59,,541,,489,,934,,94,,517,,986,,1679,,,US RESIDENTS,20200601,
NEW HAMPSHIRE,2020,6,,-,0,,,-,,-,,-,3,,1,,3,,,-,2,,,-,2,,NEW HAMPSHIRE,,20200606,POINT (-71.57139 43.680429)
NEW YORK,2020,6,,-,0,,,-,,-,12,,36,,27,,18,,4,,15,,24,,22,,NEW YORK,,20200611,POINT (-75.59655 42.921241)
PACIFIC,2020,6,,-,0,,,-,,-,4,,115,,88,,248,,6,,105,,193,,430,,,PACIFIC,20200657,
WEST SOUTH CENTRAL,2020,6,,-,0,,,-,,-,11,,90,,44,,68,,47,,324,,247,,245,,,WEST SOUTH CENTRAL,20200643,
NEBRASKA,2020,6,,-,0,,,-,,-,2,,12,,14,,9,,,-,6,,4,,8,,NEBRASKA,,20200625,POINT (-99.810595 41.527099)
EAST SOUTH CENTRAL,2020,6,,-,0,,,-,,-,3,,69,,31,,41,,1,,43,,100,,85,,,EAST SOUTH CENTRAL,20200638,
NORTH DAKOTA,2020,6,,-,0,,,-,,-,,-,9,,,-,1,,,-,5,,5,,3,,NORTH DAKOTA,,20200626,POINT (-100.46931 47.446305)
NEVADA,2020,6,,-,0,,,-,,-,,-,4,,,-,1,,,-,4,,5,,4,,NEVADA,,20200653,POINT (-114.916992 39.283294)
ILLINOIS,2020,6,,-,0,,,-,,-,,-,23,,15,,34,,,-,16,,22,,46,,ILLINOIS,,20200615,POINT (-89.148632 40.124144)
IOWA,2020,6,,-,0,,,-,,-,1,,35,,13,,23,,,-,6,,14,,7,,IOWA,,20200621,POINT (-93.500061 42.074659)
TEXAS,2020,6,,-,0,,,-,,-,8,,78,,32,,53,,39,,321,,196,,201,,TEXAS,,20200647,POINT (-99.317341 31.447238)
ALASKA,2020,6,,-,0,,,-,,-,,-,1,,,-,,-,,-,1,,,-,1,,ALASKA,,20200658,POINT (-151.631889 63.631126)
DISTRICT OF COLUMBIA,2020,6,,-,0,,,-,,-,,-,1,,,-,3,,,-,4,,,-,8,,DISTRICT OF COLUMBIA,,20200630,POINT (-77.016275 38.904785)
WASHINGTON,2020,6,,-,0,,,-,,-,,-,16,,16,,28,,1,,13,,22,,41,,WASHINGTON,,20200662,POINT (-120.592492 47.411715)
NEW ENGLAND,2020,6,,-,0,,,-,,-,,-,16,,16,,30,,1,,19,,25,,47,,,NEW ENGLAND,20200602,
RHODE ISLAND,2020,6,,-,0,,,-,,-,,-,4,,2,,3,,,-,5,,,-,12,,RHODE ISLAND,,20200607,POINT (-71.534637 41.572574)
OREGON,2020,6,,-,0,,,-,,-,3,,15,,17,,22,,,-,8,,7,,26,,OREGON,,20200661,POINT (-120.605279 43.940449)
DELAWARE,2020,6,,-,0,,,-,,-,,-,4,,2,,2,,,-,2,,1,,2,,DELAWARE,,20200629,POINT (-75.452394 38.994926)
ALABAMA,2020,6,,-,0,,,-,,-,,-,8,,3,,14,,1,,35,,80,,28,,ALABAMA,,20200639,POINT (-86.844516 32.756889)
KANSAS,2020,6,,-,0,,,-,,-,,-,14,,,-,6,,,-,4,,,-,8,,KANSAS,,20200622,POINT (-98.38018 38.484729)
NORTH CAROLINA,2020,6,,-,0,,,-,,-,,-,20,,6,,22,,,-,16,,29,,29,,NORTH CAROLINA,,20200634,POINT (-79.130883 35.52603)
GUAM,2020,6,,-,0,,,-,,-,,-,0,,,-,,-,,-,0,,,-,,-,GUAM,,20200666,POINT (144.653198 13.3532)
NEW JERSEY,2020,6,,-,0,,,-,,-,,-,3,,,-,6,,1,,18,,19,,130,,NEW JERSEY,,20200610,POINT (-74.655514 40.110253)
NEW MEXICO,2020,6,,-,0,,,-,,-,,-,7,,3,,9,,,-,12,,7,,2,,NEW MEXICO,,20200654,POINT (-106.108388 34.421369)
EAST NORTH CENTRAL,2020,6,,-,0,,,-,,-,7,,75,,77,,129,,9,,36,,73,,143,,,EAST NORTH CENTRAL,20200614,
TENNESSEE,2020,6,,-,0,,,-,,-,3,,25,,21,,18,,,-,10,,12,,22,,TENNESSEE,,20200642,POINT (-86.343226 35.842998)
CONNECTICUT,2020,6,,-,0,,,-,,-,,-,9,,,-,15,,,-,7,,,-,11,,CONNECTICUT,,20200603,POINT (-72.738288 41.575155)
MARYLAND,2020,6,,-,0,,,-,,-,,-,10,,8,,22,,3,,8,,21,,33,,MARYLAND,,20200633,POINT (-76.687282 38.946466)
SOUTH CAROLINA,2020,6,,-,0,,,-,,-,1,,7,,6,,6,,,-,15,,7,,12,,SOUTH CAROLINA,,20200635,POINT (-80.864614 33.878572)
OKLAHOMA,2020,6,,-,0,,,-,,-,1,,43,,7,,7,,7,,7,,33,,8,,OKLAHOMA,,20200646,POINT (-97.508297 35.583449)
NORTHERN MARIANA ISLANDS,2020,6,,-,0,,,-,,-,,-,0,,,-,,-,,-,0,,,-,,-,NORTHERN MARIANA ISLANDS,,20200665,POINT (145.725693 15.1834)
OHIO,2020,6,,-,0,,,-,,-,7,,29,,40,,34,,9,,21,,37,,57,,OHIO,,20200618,POINT (-82.70936 40.415534)
MINNESOTA,2020,6,,-,0,,,-,,-,,-,0,,,-,,-,,-,0,,,-,,-,MINNESOTA,,20200623,POINT (-94.198308 46.349153)
LOUISIANA,2020,6,,-,0,,,-,,-,,-,6,,,-,4,,,-,32,,13,,28,,LOUISIANA,,20200645,POINT (-91.840238 30.921314)
HAWAII,2020,6,,-,0,,,-,,-,,-,1,,1,,,-,,-,5,,3,,13,,HAWAII,,20200660,POINT (-157.854309 21.361013)
SOUTH ATLANTIC,2020,6,,-,0,,,-,,-,4,,86,,38,,141,,5,,77,,69,,305,,,SOUTH ATLANTIC,20200628,
PENNSYLVANIA,2020,6,,-,0,,,-,,-,5,,26,,30,,31,,2,,9,,28,,35,,PENNSYLVANIA,,20200613,POINT (-77.838886 40.896694)
UTAH,2020,6,,-,0,,,-,,-,,-,15,,6,,13,,1,,11,,6,,8,,UTAH,,20200655,POINT (-111.678222 39.323779)
COLORADO,2020,6,,-,0,,,-,,-,5,,21,,28,,31,,3,,13,,21,,25,,COLORADO,,20200650,POINT (-105.547832 38.998552)
VERMONT,2020,6,,-,0,,,-,,-,,-,5,,4,,1,,,-,1,,1,,2,,VERMONT,,20200608,POINT (-72.662695 44.075252)
KENTUCKY,2020,6,,-,0,,,-,,-,,-,43,,2,,3,,,-,8,,1,,8,,KENTUCKY,,20200640,POINT (-85.290484 37.526683)
PUERTO RICO,2020,6,,-,0,,,-,,-,,-,0,,,-,,-,,-,0,,,-,,-,PUERTO RICO,,20200667,POINT (-66.414655 18.215692)
MAINE,2020,6,,-,0,,,-,,-,,-,2,,1,,2,,,-,2,,2,,,-,MAINE,,20200604,POINT (-69.06137 45.117911)
VIRGINIA,2020,6,,-,0,,,-,,-,3,,17,,16,,10,,2,,20,,11,,20,,VIRGINIA,,20200636,POINT (-78.666382 37.510861)
ARIZONA,2020,6,,-,0,,,-,,-,1,,12,,23,,19,,,-,17,,20,,29,,ARIZONA,,20200649,POINT (-111.664616 34.293239)
WISCONSIN,2020,6,,-,0,,,-,,-,,-,30,,19,,31,,,-,9,,6,,18,,WISCONSIN,,20200619,POINT (-89.732969 44.639954)
IDAHO,2020,6,,-,0,,,-,,-,,-,11,,1,,10,,,-,7,,,-,3,,IDAHO,,20200651,POINT (-114.659366 44.389073)
U.S. VIRGIN ISLANDS,2020,6,,-,0,,,-,,-,,-,0,,,-,,-,,-,0,,,-,,-,VIRGIN ISLANDS,,20200668,POINT (-64.840836 18.060868)
MICHIGAN,2020,6,,-,0,,,-,,-,,-,15,,3,,30,,,-,12,,8,,22,,MICHIGAN,,20200617,POINT (-85.730977 44.874798)
GEORGIA,2020,6,,-,0,,,-,,-,,-,17,,,-,7,,,-,14,,,-,31,,GEORGIA,,20200632,POINT (-83.426574 32.638481)
NEW YORK CITY,2020,6,,-,0,,,-,,-,2,,26,,38,,63,,11,,55,,119,,128,,,NEW YORK CITY,20200612,
ARKANSAS,2020,6,,-,0,,,-,,-,2,,12,,5,,4,,1,,14,,5,,8,,ARKANSAS,,20200644,POINT (-92.439162 34.899825)
MISSISSIPPI,2020,6,,-,0,,,-,,-,,-,5,,5,,6,,,-,9,,7,,27,,MISSISSIPPI,,20200641,POINT (-89.65344 32.713378)
SOUTH DAKOTA,2020,6,,-,0,,,-,,-,,-,20,,1,,5,,,-,2,,,-,1,,SOUTH DAKOTA,,20200627,POINT (-100.230491 44.43614)
WYOMING,2020,6,,-,0,,,-,,-,,-,6,,,-,,-,,-,1,,,-,,-,WYOMING,,20200656,POINT (-107.55145 42.999627)
MISSOURI,2020,6,,-,0,,,-,,-,2,,20,,11,,24,,3,,7,,7,,11,,MISSOURI,,20200624,POINT (-92.477244 38.3675)
MIDDLE ATLANTIC,2020,6,,-,0,,,-,,-,19,,63,,95,,118,,18,,76,,190,,315,,,MIDDLE ATLANTIC,20200609,
CALIFORNIA,2020,6,,-,0,,,-,,-,1,,94,,54,,198,,5,,99,,161,,349,,CALIFORNIA,,20200659,POINT (-119.662127 37.211164)
WEST VIRGINIA,2020,6,,-,0,,,-,,-,,-,4,,,-,3,,,-,2,,,-,1,,WEST VIRGINIA,,20200637,POINT (-80.613729 38.642579)
FLORIDA,2020,6,,-,0,,,-,,-,,-,33,,,-,66,,,-,42,,,-,169,,FLORIDA,,20200631,POINT (-82.420978 28.260731)
MONTANA,2020,6,,-,0,,,-,,-,,-,4,,,-,8,,,-,2,,,-,,-,MONTANA,,20200652,POINT (-109.645127 47.033521)
WEST NORTH CENTRAL,2020,6,,-,0,,,-,,-,5,,81,,39,,68,,3,,15,,30,,38,,,WEST NORTH CENTRAL,20200620,
MASSACHUSETTS,2020,6,,-,0,,,-,,-,,-,8,,8,,6,,1,,12,,22,,20,,MASSACHUSETTS,,20200605,POINT (-71.481104 42.151077)
MOUNTAIN,2020,6,,-,0,,,-,,-,6,,52,,61,,91,,4,,38,,59,,71,,,MOUNTAIN,20200648,
INDIANA,2020,6,,-,0,,,-,,-,,-,0,,,-,,-,,-,0,,,-,,-,INDIANA,,20200616,POINT (-86.2818 39.919991)
NON-US RESIDENTS,2020,6,,-,0,,,-,,-,,-,1,,,-,1,,,-,1,,,-,,-,,NON-US RESIDENTS,20200669,
US TERRITORIES,2020,6,,-,0,,,-,,-,,-,0,,,-,,-,,-,0,,,-,,-,,US TERRITORIES,20200663,
TOTAL,2020,7,,-,0,,,-,,-,34,,544,,696,,1089,,101,,535,,1327,,1931,,,TOTAL,20200770,
US RESIDENTS,2020,7,,-,0,,,-,,-,34,,544,,696,,1088,,101,,535,,1327,,1931,,,US RESIDENTS,20200701,
NEW HAMPSHIRE,2020,7,,-,0,,,-,,-,,-,3,,1,,3,,,-,2,,,-,2,,NEW HAMPSHIRE,,20200706,POINT (-71.57139 43.680429)
NEW YORK,2020,7,,-,0,,,-,,-,3,,36,,32,,25,,5,,15,,29,,29,,NEW YORK,,20200711,POINT (-75.59655 42.921241)
PACIFIC,2020,7,,-,0,,,-,,-,4,,116,,123,,274,,3,,106,,243,,493,,,PACIFIC,20200757,
WEST SOUTH CENTRAL,2020,7,,-,0,,,-,,-,3,,90,,49,,89,,36,,329,,297,,276,,,WEST SOUTH CENTRAL,20200743,
NEBRASKA,2020,7,,-,0,,,-,,-,1,,12,,15,,10,,,-,6,,4,,8,,NEBRASKA,,20200725,POINT (-99.810595 41.527099)
EAST SOUTH CENTRAL,2020,7,,-,0,,,-,,-,,-,69,,34,,50,,2,,44,,121,,95,,,EAST SOUTH CENTRAL,20200738,
NORTH DAKOTA,2020,7,,-,0,,,-,,-,,-,9,,,-,1,,,-,5,,5,,5,,NORTH DAKOTA,,20200726,POINT (-100.46931 47.446305)
NEVADA,2020,7,,-,0,,,-,,-,,-,4,,1,,2,,,-,4,,6,,6,,NEVADA,,20200753,POINT (-114.916992 39.283294)
ILLINOIS,2020,7,,-,0,,,-,,-,,-,23,,18,,38,,,-,16,,28,,50,,ILLINOIS,,20200715,POINT (-89.148632 40.124144)
IOWA,2020,7,,-,0,,,-,,-,,-,35,,17,,31,,,-,6,,15,,9,,IOWA,,20200721,POINT (-93.500061 42.074659)
TEXAS,2020,7,,-,0,,,-,,-,2,,78,,36,,72,,29,,326,,239,,231,,TEXAS,,20200747,POINT (-99.317341 31.447238)
ALASKA,2020,7,,-,0,,,-,,-,,-,1,,,-,,-,,-,1,,,-,1,,ALASKA,,20200758,POINT (-151.631889 63.631126)
DISTRICT OF COLUMBIA,2020,7,,-,0,,,-,,-,,-,2,,,-,4,,,-,4,,3,,9,,DISTRICT OF COLUMBIA,,20200730,POINT (-77.016275 38.904785)
WASHINGTON,2020,7,,-,0,,,-,,-,,-,16,,16,,31,,2,,13,,28,,49,,WASHINGTON,,20200762,POINT (-120.592492 47.411715)
NEW ENGLAND,2020,7,,-,0,,,-,,-,,-,16,,28,,33,,3,,19,,33,,51,,,NEW ENGLAND,20200702,
RHODE ISLAND,2020,7,,-,0,,,-,,-,,-,4,,6,,3,,,-,5,,,-,13,,RHODE ISLAND,,20200707,POINT (-71.534637 41.572574)
OREGON,2020,7,,-,0,,,-,,-,2,,15,,23,,25,,,-,8,,14,,30,,OREGON,,20200761,POINT (-120.605279 43.940449)
DELAWARE,2020,7,,-,0,,,-,,-,,-,4,,2,,2,,,-,2,,3,,2,,DELAWARE,,20200729,POINT (-75.452394 38.994926)
ALABAMA,2020,7,,-,0,,,-,,-,,-,8,,4,,18,,,-,35,,93,,32,,ALABAMA,,20200739,POINT (-86.844516 32.756889)
KANSAS,2020,7,,-,0,,,-,,-,,-,14,,,-,8,,,-,3,,,-,8,,KANSAS,,20200722,POINT (-98.38018 38.484729)
NORTH CAROLINA,2020,7,,-,0,,,-,,-,,-,20,,12,,27,,,-,16,,33,,39,,NORTH CAROLINA,,20200734,POINT (-79.130883 35.52603)
GUAM,2020,7,,-,0,,,-,,-,,-,0,,,-,,-,,-,0,,,-,,-,GUAM,,20200766,POINT (144.653198 13.3532)
NEW JERSEY,2020,7,,-,0,,,-,,-,,-,3,,,-,8,,,-,18,,19,,145,,NEW JERSEY,,20200710,POINT (-74.655514 40.110253)
NEW MEXICO,2020,7,,-,0,,,-,,-,,-,7,,3,,9,,1,,12,,9,,3,,NEW MEXICO,,20200754,POINT (-106.108388 34.421369)
EAST NORTH CENTRAL,2020,7,,-,0,,,-,,-,8,,75,,97,,142,,7,,36,,99,,156,,,EAST NORTH CENTRAL,20200714,
TENNESSEE,2020,7,,-,0,,,-,,-,,-,25,,23,,20,,1,,10,,18,,22,,TENNESSEE,,20200742,POINT (-86.343226 35.842998)
CONNECTICUT,2020,7,,-,0,,,-,,-,,-,9,,,-,15,,,-,7,,,-,13,,CONNECTICUT,,20200703,POINT (-72.738288 41.575155)
MARYLAND,2020,7,,-,0,,,-,,-,,-,10,,13,,25,,4,,8,,26,,36,,MARYLAND,,20200733,POINT (-76.687282 38.946466)
SOUTH CAROLINA,2020,7,,-,0,,,-,,-,,-,7,,7,,8,,1,,15,,9,,12,,SOUTH CAROLINA,,20200735,POINT (-80.864614 33.878572)
OKLAHOMA,2020,7,,-,0,,,-,,-,1,,43,,8,,7,,6,,7,,39,,8,,OKLAHOMA,,20200746,POINT (-97.508297 35.583449)
NORTHERN MARIANA ISLANDS,2020,7,,-,0,,,-,,-,,-,0,,,-,,-,,-,0,,,-,,-,NORTHERN MARIANA ISLANDS,,20200765,POINT (145.725693 15.1834)
OHIO,2020,7,,-,0,,,-,,-,6,,29,,46,,34,,4,,21,,41,,64,,OHIO,,20200718,POINT (-82.70936 40.415534)
MINNESOTA,2020,7,,-,0,,,-,,-,,-,0,,,-,,-,,-,0,,,-,,-,MINNESOTA,,20200723,POINT (-94.198308 46.349153)
LOUISIANA,2020,7,,-,0,,,-,,-,,-,6,,,-,6,,,-,32,,13,,29,,LOUISIANA,,20200745,POINT (-91.840238 30.921314)
HAWAII,2020,7,,-,0,,,-,,-,,-,1,,1,,,-,,-,4,,3,,14,,HAWAII,,20200760,POINT (-157.854309 21.361013)
SOUTH ATLANTIC,2020,7,,-,0,,,-,,-,11,,86,,127,,172,,23,,77,,180,,361,,,SOUTH ATLANTIC,20200728,
PENNSYLVANIA,2020,7,,-,0,,,-,,-,,-,26,,35,,33,,,-,9,,28,,39,,PENNSYLVANIA,,20200713,POINT (-77.838886 40.896694)
UTAH,2020,7,,-,0,,,-,,-,,-,15,,7,,14,,,-,4,,7,,9,,UTAH,,20200755,POINT (-111.678222 39.323779)
COLORADO,2020,7,,-,0,,,-,,-,1,,21,,40,,36,,3,,13,,30,,30,,COLORADO,,20200750,POINT (-105.547832 38.998552)
VERMONT,2020,7,,-,0,,,-,,-,,-,5,,7,,3,,1,,1,,2,,2,,VERMONT,,20200708,POINT (-72.662695 44.075252)
KENTUCKY,2020,7,,-,0,,,-,,-,,-,43,,2,,3,,,-,8,,1,,12,,KENTUCKY,,20200740,POINT (-85.290484 37.526683)
PUERTO RICO,2020,7,,-,0,,,-,,-,,-,0,,,-,,-,,-,0,,,-,,-,PUERTO RICO,,20200767,POINT (-66.414655 18.215692)
MAINE,2020,7,,-,0,,,-,,-,,-,2,,1,,2,,,-,2,,2,,,-,MAINE,,20200704,POINT (-69.06137 45.117911)
VIRGINIA,2020,7,,-,0,,,-,,-,2,,17,,19,,15,,2,,20,,13,,23,,VIRGINIA,,20200736,POINT (-78.666382 37.510861)
ARIZONA,2020,7,,-,0,,,-,,-,2,,12,,25,,19,,5,,17,,52,,35,,ARIZONA,,20200749,POINT (-111.664616 34.293239)
AMERICAN SAMOA,2020,7,,-,0,,,-,,-,,-,0,,,-,,-,,-,0,,,-,,-,,AMERICAN SAMOA,20200764,
WISCONSIN,2020,7,,-,0,,,-,,-,2,,31,,29,,35,,2,,9,,14,,18,,WISCONSIN,,20200719,POINT (-89.732969 44.639954)
IDAHO,2020,7,,-,0,,,-,,-,,-,11,,1,,12,,,-,7,,,-,4,,IDAHO,,20200751,POINT (-114.659366 44.389073)
U.S. VIRGIN ISLANDS,2020,7,,-,0,,,-,,-,,-,0,,,-,,-,,-,0,,,-,,-,VIRGIN ISLANDS,,20200768,POINT (-64.840836 18.060868)
MICHIGAN,2020,7,,-,0,,,-,,-,,-,15,,4,,35,,1,,12,,16,,24,,MICHIGAN,,20200717,POINT (-85.730977 44.874798)
GEORGIA,2020,7,,-,0,,,-,,-,,-,17,,11,,7,,,-,14,,30,,36,,GEORGIA,,20200732,POINT (-83.426574 32.638481)
NEW YORK CITY,2020,7,,-,0,,,-,,-,,-,26,,43,,76,,13,,55,,140,,153,,,NEW YORK CITY,20200712,
ARKANSAS,2020,7,,-,0,,,-,,-,,-,12,,5,,4,,1,,14,,6,,8,,ARKANSAS,,20200744,POINT (-92.439162 34.899825)
MISSISSIPPI,2020,7,,-,0,,,-,,-,,-,5,,5,,9,,1,,9,,9,,29,,MISSISSIPPI,,20200741,POINT (-89.65344 32.713378)
SOUTH DAKOTA,2020,7,,-,0,,,-,,-,,-,20,,1,,5,,,-,2,,,-,3,,SOUTH DAKOTA,,20200727,POINT (-100.230491 44.43614)
WYOMING,2020,7,,-,0,,,-,,-,,-,6,,2,,1,,,-,1,,,-,,-,WYOMING,,20200756,POINT (-107.55145 42.999627)
MISSOURI,2020,7,,-,0,,,-,,-,,-,20,,11,,29,,,-,7,,7,,13,,MISSOURI,,20200724,POINT (-92.477244 38.3675)
MIDDLE ATLANTIC,2020,7,,-,0,,,-,,-,3,,63,,110,,142,,18,,76,,216,,366,,,MIDDLE ATLANTIC,20200709,
CALIFORNIA,2020,7,,-,0,,,-,,-,2,,94,,83,,218,,1,,99,,198,,399,,CALIFORNIA,,20200759,POINT (-119.662127 37.211164)
WEST VIRGINIA,2020,7,,-,0,,,-,,-,,-,4,,,-,4,,,-,2,,,-,1,,WEST VIRGINIA,,20200737,POINT (-80.613729 38.642579)
FLORIDA,2020,7,,-,0,,,-,,-,9,,33,,63,,80,,16,,42,,63,,203,,FLORIDA,,20200731,POINT (-82.420978 28.260731)
MONTANA,2020,7,,-,0,,,-,,-,1,,4,,5,,9,,,-,2,,3,,,-,MONTANA,,20200752,POINT (-109.645127 47.033521)
WEST NORTH CENTRAL,2020,7,,-,0,,,-,,-,1,,81,,44,,84,,,-,15,,31,,46,,,WEST NORTH CENTRAL,20200720,
MASSACHUSETTS,2020,7,,-,0,,,-,,-,,-,8,,13,,7,,2,,12,,29,,21,,MASSACHUSETTS,,20200705,POINT (-71.481104 42.151077)
MOUNTAIN,2020,7,,-,0,,,-,,-,4,,52,,84,,102,,9,,38,,107,,87,,,MOUNTAIN,20200748,
INDIANA,2020,7,,-,0,,,-,,-,,-,0,,,-,,-,,-,0,,,-,,-,INDIANA,,20200716,POINT (-86.2818 39.919991)
NON-US RESIDENTS,2020,7,,-,0,,,-,,-,,-,1,,,-,1,,,-,1,,,-,,-,,NON-US RESIDENTS,20200769,
US TERRITORIES,2020,7,,-,0,,,-,,-,,-,0,,,-,,-,,-,0,,,-,,-,,US TERRITORIES,20200763,
TOTAL,2020,8,,-,0,,,-,,-,35,,544,,859,,1252,,119,,549,,1629,,2212,,,TOTAL,20200870,
US RESIDENTS,2020,8,,-,0,,,-,,-,35,,544,,859,,1251,,119,,549,,1629,,2212,,,US RESIDENTS,20200801,
NEW HAMPSHIRE,2020,8,,-,0,,,-,,-,,-,3,,3,,4,,,-,2,,,-,3,,NEW HAMPSHIRE,,20200806,POINT (-71.57139 43.680429)
NEW YORK,2020,8,,-,0,,,-,,-,5,,36,,37,,29,,3,,15,,32,,35,,NEW YORK,,20200811,POINT (-75.59655 42.921241)
PACIFIC,2020,8,,-,0,,,-,,-,,-,116,,168,,315,,5,,106,,309,,557,,,PACIFIC,20200857,
WEST SOUTH CENTRAL,2020,8,,-,0,,,-,,-,7,,91,,67,,106,,56,,336,,384,,311,,,WEST SOUTH CENTRAL,20200843,
NEBRASKA,2020,8,,-,0,,,-,,-,1,,12,,16,,12,,2,,6,,6,,11,,NEBRASKA,,20200825,POINT (-99.810595 41.527099)
EAST SOUTH CENTRAL,2020,8,,-,0,,,-,,-,2,,69,,43,,57,,1,,44,,128,,102,,,EAST SOUTH CENTRAL,20200838,
NORTH DAKOTA,2020,8,,-,0,,,-,,-,,-,9,,3,,2,,,-,5,,5,,5,,NORTH DAKOTA,,20200826,POINT (-100.46931 47.446305)
NEVADA,2020,8,,-,0,,,-,,-,,-,4,,3,,2,,,-,4,,9,,8,,NEVADA,,20200853,POINT (-114.916992 39.283294)
ILLINOIS,2020,8,,-,0,,,-,,-,,-,23,,23,,44,,,-,16,,35,,58,,ILLINOIS,,20200815,POINT (-89.148632 40.124144)
IOWA,2020,8,,-,0,,,-,,-,,-,35,,19,,32,,2,,6,,21,,9,,IOWA,,20200821,POINT (-93.500061 42.074659)
TEXAS,2020,8,,-,0,,,-,,-,4,,79,,51,,87,,47,,333,,317,,261,,TEXAS,,20200847,POINT (-99.317341 31.447238)
ALASKA,2020,8,,-,0,,,-,,-,,-,1,,,-,,-,,-,1,,,-,2,,ALASKA,,20200858,POINT (-151.631889 63.631126)
DISTRICT OF COLUMBIA,2020,8,,-,0,,,-,,-,,-,2,,,-,5,,,-,4,,3,,11,,DISTRICT OF COLUMBIA,,20200830,POINT (-77.016275 38.904785)
WASHINGTON,2020,8,,-,0,,,-,,-,,-,16,,16,,40,,2,,13,,32,,62,,WASHINGTON,,20200862,POINT (-120.592492 47.411715)
NEW ENGLAND,2020,8,,-,0,,,-,,-,,-,16,,38,,40,,1,,19,,60,,59,,,NEW ENGLAND,20200802,
RHODE ISLAND,2020,8,,-,0,,,-,,-,,-,4,,6,,3,,,-,5,,3,,14,,RHODE ISLAND,,20200807,POINT (-71.534637 41.572574)
OREGON,2020,8,,-,0,,,-,,-,,-,16,,28,,27,,,-,8,,23,,32,,OREGON,,20200861,POINT (-120.605279 43.940449)
DELAWARE,2020,8,,-,0,,,-,,-,,-,4,,2,,2,,,-,2,,3,,3,,DELAWARE,,20200829,POINT (-75.452394 38.994926)
ALABAMA,2020,8,,-,0,,,-,,-,,-,8,,8,,18,,,-,35,,93,,35,,ALABAMA,,20200839,POINT (-86.844516 32.756889)
KANSAS,2020,8,,-,0,,,-,,-,,-,14,,,-,9,,,-,3,,,-,10,,KANSAS,,20200822,POINT (-98.38018 38.484729)
NORTH CAROLINA,2020,8,,-,0,,,-,,-,,-,20,,15,,29,,,-,16,,37,,46,,NORTH CAROLINA,,20200834,POINT (-79.130883 35.52603)
GUAM,2020,8,,-,0,,,-,,-,,-,0,,,-,,-,,-,0,,,-,,-,GUAM,,20200866,POINT (144.653198 13.3532)
NEW JERSEY,2020,8,,-,0,,,-,,-,,-,3,,,-,8,,,-,18,,24,,161,,NEW JERSEY,,20200810,POINT (-74.655514 40.110253)
NEW MEXICO,2020,8,,-,0,,,-,,-,,-,7,,3,,10,,,-,13,,11,,7,,NEW MEXICO,,20200854,POINT (-106.108388 34.421369)
EAST NORTH CENTRAL,2020,8,,-,0,,,-,,-,3,,75,,110,,172,,10,,36,,121,,177,,,EAST NORTH CENTRAL,20200814,
TENNESSEE,2020,8,,-,0,,,-,,-,1,,25,,27,,24,,,-,10,,23,,23,,TENNESSEE,,20200842,POINT (-86.343226 35.842998)
CONNECTICUT,2020,8,,-,0,,,-,,-,,-,9,,7,,17,,,-,7,,20,,16,,CONNECTICUT,,20200803,POINT (-72.738288 41.575155)
MARYLAND,2020,8,,-,0,,,-,,-,,-,10,,17,,28,,2,,8,,31,,43,,MARYLAND,,20200833,POINT (-76.687282 38.946466)
SOUTH CAROLINA,2020,8,,-,0,,,-,,-,2,,7,,10,,8,,1,,15,,11,,14,,SOUTH CAROLINA,,20200835,POINT (-80.864614 33.878572)
OKLAHOMA,2020,8,,-,0,,,-,,-,2,,43,,10,,7,,7,,7,,46,,8,,OKLAHOMA,,20200846,POINT (-97.508297 35.583449)
NORTHERN MARIANA ISLANDS,2020,8,,-,0,,,-,,-,,-,0,,,-,,-,,-,0,,,-,,-,NORTHERN MARIANA ISLANDS,,20200865,POINT (145.725693 15.1834)
OHIO,2020,8,,-,0,,,-,,-,3,,29,,49,,44,,10,,21,,51,,73,,OHIO,,20200818,POINT (-82.70936 40.415534)
MINNESOTA,2020,8,,-,0,,,-,,-,,-,0,,,-,,-,,-,0,,,-,,-,MINNESOTA,,20200823,POINT (-94.198308 46.349153)
LOUISIANA,2020,8,,-,0,,,-,,-,,-,6,,,-,6,,,-,32,,13,,32,,LOUISIANA,,20200845,POINT (-91.840238 30.921314)
HAWAII,2020,8,,-,0,,,-,,-,,-,1,,1,,,-,,-,4,,4,,17,,HAWAII,,20200860,POINT (-157.854309 21.361013)
SOUTH ATLANTIC,2020,8,,-,0,,,-,,-,7,,86,,153,,196,,12,,77,,208,,426,,,SOUTH ATLANTIC,20200828,
PENNSYLVANIA,2020,8,,-,0,,,-,,-,2,,26,,39,,38,,2,,10,,40,,46,,PENNSYLVANIA,,20200813,POINT (-77.838886 40.896694)
UTAH,2020,8,,-,0,,,-,,-,2,,15,,16,,16,,1,,4,,9,,9,,UTAH,,20200855,POINT (-111.678222 39.323779)
COLORADO,2020,8,,-,0,,,-,,-,4,,21,,45,,41,,3,,13,,34,,31,,COLORADO,,20200850,POINT (-105.547832 38.998552)
VERMONT,2020,8,,-,0,,,-,,-,,-,5,,8,,3,,,-,1,,2,,2,,VERMONT,,20200808,POINT (-72.662695 44.075252)
KENTUCKY,2020,8,,-,0,,,-,,-,,-,43,,2,,5,,,-,8,,1,,13,,KENTUCKY,,20200840,POINT (-85.290484 37.526683)
PUERTO RICO,2020,8,,-,0,,,-,,-,,-,0,,,-,,-,,-,0,,,-,,-,PUERTO RICO,,20200867,POINT (-66.414655 18.215692)
MAINE,2020,8,,-,0,,,-,,-,,-,2,,1,,2,,,-,2,,2,,1,,MAINE,,20200804,POINT (-69.06137 45.117911)
VIRGINIA,2020,8,,-,0,,,-,,-,2,,17,,27,,21,,4,,21,,19,,27,,VIRGINIA,,20200836,POINT (-78.666382 37.510861)
ARIZONA,2020,8,,-,0,,,-,,-,2,,12,,28,,21,,4,,17,,55,,39,,ARIZONA,,20200849,POINT (-111.664616 34.293239)
AMERICAN SAMOA,2020,8,,-,0,,,-,,-,,-,0,,,-,,-,,-,0,,,-,,-,,AMERICAN SAMOA,20200864,
WISCONSIN,2020,8,,-,0,,,-,,-,,-,31,,33,,45,,,-,9,,15,,18,,WISCONSIN,,20200819,POINT (-89.732969 44.639954)
IDAHO,2020,8,,-,0,,,-,,-,,-,11,,1,,14,,,-,7,,,-,5,,IDAHO,,20200851,POINT (-114.659366 44.389073)
U.S. VIRGIN ISLANDS,2020,8,,-,0,,,-,,-,,-,0,,,-,,-,,-,0,,,-,,-,VIRGIN ISLANDS,,20200868,POINT (-64.840836 18.060868)
MICHIGAN,2020,8,,-,0,,,-,,-,,-,15,,5,,39,,,-,12,,20,,28,,MICHIGAN,,20200817,POINT (-85.730977 44.874798)
GEORGIA,2020,8,,-,0,,,-,,-,,-,17,,16,,8,,1,,14,,37,,47,,GEORGIA,,20200832,POINT (-83.426574 32.638481)
NEW YORK CITY,2020,8,,-,0,,,-,,-,,-,26,,48,,84,,17,,55,,160,,184,,,NEW YORK CITY,20200812,
ARKANSAS,2020,8,,-,0,,,-,,-,1,,12,,6,,6,,2,,14,,8,,10,,ARKANSAS,,20200844,POINT (-92.439162 34.899825)
MISSISSIPPI,2020,8,,-,0,,,-,,-,1,,5,,6,,10,,1,,9,,11,,31,,MISSISSIPPI,,20200841,POINT (-89.65344 32.713378)
SOUTH DAKOTA,2020,8,,-,0,,,-,,-,,-,20,,2,,5,,,-,2,,3,,4,,SOUTH DAKOTA,,20200827,POINT (-100.230491 44.43614)
WYOMING,2020,8,,-,0,,,-,,-,,-,6,,2,,2,,,-,1,,,-,,-,WYOMING,,20200856,POINT (-107.55145 42.999627)
MISSOURI,2020,8,,-,0,,,-,,-,,-,20,,11,,31,,,-,7,,7,,15,,MISSOURI,,20200824,POINT (-92.477244 38.3675)
MIDDLE ATLANTIC,2020,8,,-,0,,,-,,-,7,,63,,124,,159,,22,,76,,256,,426,,,MIDDLE ATLANTIC,20200809,
CALIFORNIA,2020,8,,-,0,,,-,,-,,-,95,,123,,248,,3,,99,,250,,444,,CALIFORNIA,,20200859,POINT (-119.662127 37.211164)
WEST VIRGINIA,2020,8,,-,0,,,-,,-,,-,4,,,-,5,,,-,2,,,-,1,,WEST VIRGINIA,,20200837,POINT (-80.613729 38.642579)
FLORIDA,2020,8,,-,0,,,-,,-,3,,33,,66,,90,,4,,42,,67,,234,,FLORIDA,,20200831,POINT (-82.420978 28.260731)
MONTANA,2020,8,,-,0,,,-,,-,,-,4,,7,,9,,,-,2,,3,,1,,MONTANA,,20200852,POINT (-109.645127 47.033521)
WEST NORTH CENTRAL,2020,8,,-,0,,,-,,-,1,,81,,51,,91,,4,,16,,42,,54,,,WEST NORTH CENTRAL,20200820,
MASSACHUSETTS,2020,8,,-,0,,,-,,-,,-,8,,13,,11,,1,,12,,33,,23,,MASSACHUSETTS,,20200805,POINT (-71.481104 42.151077)
MOUNTAIN,2020,8,,-,0,,,-,,-,8,,52,,105,,115,,8,,39,,121,,100,,,MOUNTAIN,20200848,
INDIANA,2020,8,,-,0,,,-,,-,,-,0,,,-,,-,,-,0,,,-,,-,INDIANA,,20200816,POINT (-86.2818 39.919991)
NON-US RESIDENTS,2020,8,,-,0,,,-,,-,,-,1,,,-,1,,,-,1,,,-,,-,,NON-US RESIDENTS,20200869,
US TERRITORIES,2020,8,,-,0,,,-,,-,,-,0,,,-,,-,,-,0,,,-,,-,,US TERRITORIES,20200863,
